season_year,week,game_id,home_team_id,away_team_id,home_team_score,away_team_score,start_time,conference,is_top25,home_rank,away_rank
2026,1,401866615,2169,2619,41,34,2026-08-27T22:00:00.000Z,MEAC,false,,
2026,1,401867894,2754,2385,43,10,2026-08-27T22:00:00.000Z,MVFC,false,,
2026,1,401866532,119,311,18,21,2026-08-27T22:00:00.000Z,Coastal Athletic,false,,
2026,1,401868169,2815,2127,20,17,2026-08-27T23:00:00.000Z,OVC,false,,
2026,1,401868315,2545,2277,28,34,2026-08-27T23:00:00.000Z,Southland,false,,
2026,1,401868240,2698,236,10,24,2026-08-27T23:00:00.000Z,UAC,false,,
2026,1,401868962,2447,2400,44,10,2026-08-27T23:00:00.000Z,Southland,false,,
2026,1,401868060,2046,2241,35,17,2026-08-27T23:00:00.000Z,UAC,false,,
2026,1,401874035,110242,79,34,31,2026-08-27T23:00:00.000Z,UAC,false,,
2026,1,401867865,93,2197,14,28,2026-08-27T23:00:00.000Z,MVFC,false,,
2026,1,401868070,2630,2110,24,36,2026-08-27T23:30:00.000Z,OVC,false,,
2026,1,401867874,155,2341,42,21,2026-08-28T00:00:00.000Z,MVFC,false,,
2026,1,401868007,2230,2142,14,24,2026-08-28T22:00:00.000Z,Patriot,false,,
2026,1,401868261,2441,2368,22,21,2026-08-28T22:00:00.000Z,NEC,false,,
2026,1,401866617,2771,227,7,34,2026-08-28T22:00:00.000Z,FCS Independents,false,,
2026,1,401868040,222,2729,32,35,2026-08-28T22:00:00.000Z,Patriot,false,,
2026,1,401866616,399,160,28,14,2026-08-28T23:00:00.000Z,Coastal Athletic,false,,
2026,1,401868129,2458,2692,29,30,2026-08-29T01:00:00.000Z,Big Sky,false,,
2026,1,401868073,13,70,38,34,2026-08-29T02:00:00.000Z,Big Sky,false,,
2026,1,401867916,2681,2523,7,28,2026-08-29T16:00:00.000Z,NEC,false,,
2026,1,401856766,2628,153,10,15,2026-08-29T16:00:00.000Z,Big 12,false,,
2026,1,401867882,233,2115,59,20,2026-08-29T18:00:00.000Z,MVFC,false,,
2026,1,401868324,2011,2582,30,17,2026-08-29T19:00:00.000Z,SWAC,false,,
2026,1,401864494,30,23,42,26,2026-08-29T19:00:00.000Z,Big Ten,false,,
2026,1,401868154,2502,302,24,31,2026-08-29T19:00:00.000Z,Big Sky,false,,
2026,1,401858202,258,152,34,8,2026-08-29T19:30:00.000Z,ACC,false,,
2026,1,401868022,107,2329,10,35,2026-08-29T19:30:00.000Z,Patriot,false,,
2026,1,401868084,2464,331,34,27,2026-08-29T21:00:00.000Z,Big Sky,false,,
2026,1,401864577,2449,55,33,7,2026-08-29T21:30:00.000Z,Mountain West,false,,
2026,1,401866620,2193,2097,37,49,2026-08-29T21:30:00.000Z,Southern,false,,
2026,1,401867988,257,2083,35,14,2026-08-29T22:00:00.000Z,Patriot,false,,
2026,1,401868394,2747,2643,42,14,2026-08-29T22:00:00.000Z,Southern,false,,
2026,1,401866618,2448,2415,7,17,2026-08-29T22:00:00.000Z,Coastal Athletic,false,,
2026,1,401867855,282,2546,21,23,2026-08-29T22:00:00.000Z,MVFC,false,,
2026,1,401868101,304,2678,38,10,2026-08-29T22:00:00.000Z,Big Sky,false,,
2026,1,401866619,284,2803,6,24,2026-08-29T22:00:00.000Z,NEC,false,,
2026,1,401866408,2199,16,28,17,2026-08-29T22:30:00.000Z,Mid-American,false,,
2026,1,401872615,2571,56,70,7,2026-08-29T23:00:00.000Z,MVFC,false,,
2026,1,401858201,24,62,37,27,2026-08-29T23:00:00.000Z,ACC,false,,
2026,1,401868305,2377,2617,27,38,2026-08-29T23:00:00.000Z,Southland,false,,
2026,1,401866621,2635,2405,38,14,2026-08-29T23:00:00.000Z,Southern,false,,
2026,1,401868139,2717,2198,45,21,2026-08-29T23:00:00.000Z,Southern,false,,
2026,1,401867977,2640,2428,42,30,2026-08-29T23:00:00.000Z,SWAC,false,,
2026,1,401868149,2453,2535,22,10,2026-08-29T23:00:00.000Z,UAC,false,,
2026,1,401874042,2382,2837,23,15,2026-08-29T23:00:00.000Z,Southern,false,,
2026,1,401868049,2320,2000,21,14,2026-08-29T23:00:00.000Z,Southland,false,,
2026,1,401864570,52,166,34,17,2026-08-29T23:00:00.000Z,ACC,false,,
2026,1,401867935,47,2010,,,2026-08-29T23:30:00.000Z,MEAC,false,,
2026,1,401868194,2634,2296,,,2026-08-30T00:30:00.000Z,OVC,false,,
2026,1,401868110,149,253,,,2026-08-30T01:00:00.000Z,Big Sky,false,,
2026,1,401868235,2627,2504,,,2026-08-30T01:00:00.000Z,UAC,false,,
2026,1,401868118,3101,147,,,2026-08-30T02:00:00.000Z,Big Sky,false,,
2026,1,401862693,2439,235,,,2026-08-30T02:00:00.000Z,Mountain West,false,,
2026,1,401858423,164,113,,,2026-09-03T22:00:00.000Z,Big Ten,false,,
2026,1,401866622,2619,2815,,,2026-09-03T23:00:00.000Z,Coastal Athletic,false,,
2026,1,401858204,154,2006,,,2026-09-03T23:00:00.000Z,ACC,false,,
2026,1,401864424,48,2771,,,2026-09-03T23:00:00.000Z,Conference USA,false,,
2026,1,401867889,2535,79,,,2026-09-03T23:00:00.000Z,Southern,false,,
2026,1,401866409,2084,399,,,2026-09-03T23:00:00.000Z,Mid-American,false,,
2026,1,401864425,338,2698,,,2026-09-03T23:00:00.000Z,Conference USA,false,,
2026,1,401856767,2116,2065,,,2026-09-03T23:00:00.000Z,Big 12,false,,
2026,1,401858422,135,2197,,,2026-09-04T00:00:00.000Z,Big Ten,false,,
2026,1,401856663,142,2029,,,2026-09-04T00:00:00.000Z,SEC,false,,
2026,1,401856776,59,38,,,2026-09-04T00:00:00.000Z,ACC,false,,
2026,1,401856768,254,70,,,2026-09-04T01:00:00.000Z,Big 12,false,,
2026,1,401858424,356,5,,,2026-09-04T01:00:00.000Z,Big Ten,false,,
2026,1,401864495,2199,23,,,2026-09-04T22:30:00.000Z,Mid-American,false,,
2026,1,401866623,2247,2448,,,2026-09-04T23:00:00.000Z,Sun Belt,false,,
2026,1,401858435,2509,282,,,2026-09-04T23:00:00.000Z,Big Ten,false,,
2026,1,401856664,201,2638,,,2026-09-05T00:00:00.000Z,SEC,false,,
2026,1,401856769,2305,2341,,,2026-09-05T00:00:00.000Z,Big 12,false,,
2026,1,401858429,127,2649,,,2026-09-05T00:00:00.000Z,Big Ten,false,,
2026,1,401858436,30,278,,,2026-09-05T01:00:00.000Z,Big Ten,false,,
2026,1,401858206,24,2390,,,2026-09-05T01:00:00.000Z,ACC,false,,
2026,1,401858430,158,195,,,2026-09-05T16:00:00.000Z,Big Ten,false,,
2026,1,401861962,41,322,,,2026-09-05T16:00:00.000Z,FBS Independents,false,,
2026,1,401856778,248,204,,,2026-09-05T16:00:00.000Z,Big 12,false,,
2026,1,401869960,256,2335,,,2026-09-05T16:00:00.000Z,Sun Belt,false,,
2026,1,401856780,277,324,,,2026-09-05T16:00:00.000Z,Big 12,false,,
2026,1,401867924,2441,284,,,2026-09-05T16:00:00.000Z,NEC,false,,
2026,1,401856634,333,151,,,2026-09-05T16:00:00.000Z,SEC,false,,
2026,1,401866410,189,2627,,,2026-09-05T16:00:00.000Z,Mid-American,false,,
2026,1,401858208,183,160,,,2026-09-05T16:00:00.000Z,ACC,false,,
2026,1,401858425,84,249,,,2026-09-05T16:00:00.000Z,Big Ten,false,,
2026,1,401862701,349,2803,,,2026-09-05T16:00:00.000Z,American Athletic,false,,
2026,1,401858432,194,2050,,,2026-09-05T16:30:00.000Z,Big Ten,false,,
2026,1,401868017,46,2329,,,2026-09-05T16:30:00.000Z,Patriot,false,,
2026,1,401858207,221,193,,,2026-09-05T16:30:00.000Z,ACC,false,,
2026,1,401856665,2579,2309,,,2026-09-05T16:45:00.000Z,SEC,false,,
2026,1,401856779,66,2546,,,2026-09-05T17:00:00.000Z,Big 12,false,,
2026,1,401856659,96,2754,,,2026-09-05T17:00:00.000Z,SEC,false,,
2026,1,401864496,2005,2184,,,2026-09-05T17:00:00.000Z,Mountain West,false,,
2026,1,401868000,2142,107,,,2026-09-05T17:00:00.000Z,Patriot,false,,
2026,1,401868186,2747,2241,,,2026-09-05T17:30:00.000Z,Southern,false,,
2026,1,401866624,2405,2529,,,2026-09-05T18:00:00.000Z,Coastal Athletic,false,,
2026,1,401862698,218,227,,,2026-09-05T18:00:00.000Z,American Athletic,false,,
2026,1,401868111,149,2181,,,2026-09-05T19:00:00.000Z,Big Sky,false,,
2026,1,401856658,61,2634,,,2026-09-05T19:00:00.000Z,SEC,false,,
2026,1,401856636,2,239,,,2026-09-05T19:30:00.000Z,SEC,false,,
2026,1,401866625,2097,2717,,,2026-09-05T19:30:00.000Z,Coastal Athletic,false,,
2026,1,401864499,2449,2230,,,2026-09-05T19:30:00.000Z,Mountain West,false,,
2026,1,401858209,150,2655,,,2026-09-05T19:30:00.000Z,ACC,false,,
2026,1,401858434,213,276,,,2026-09-05T19:30:00.000Z,Big Ten,false,,
2026,1,401856667,251,326,,,2026-09-05T19:30:00.000Z,SEC,false,,
2026,1,401862694,2429,2643,,,2026-09-05T19:30:00.000Z,American Athletic,false,,
2026,1,401858433,2483,68,,,2026-09-05T19:30:00.000Z,Big Ten,false,,
2026,1,401862696,2426,119,,,2026-09-05T19:30:00.000Z,American Athletic,false,,
2026,1,401856777,2132,103,,,2026-09-05T19:30:00.000Z,Big 12,false,,
2026,1,401866627,2026,311,,,2026-09-05T19:30:00.000Z,Sun Belt,false,,
2026,1,401862700,2636,292,,,2026-09-05T19:30:00.000Z,American Athletic,false,,
2026,1,401856666,2633,231,,,2026-09-05T19:30:00.000Z,SEC,false,,
2026,1,401856772,202,197,,,2026-09-05T19:45:00.000Z,American Athletic,false,,
2026,1,401867875,155,2900,,,2026-09-05T20:00:00.000Z,MVFC,false,,
2026,1,401858426,2294,2459,,,2026-09-05T20:15:00.000Z,Big Ten,false,,
2026,1,401856635,8,2453,,,2026-09-05T20:15:00.000Z,SEC,false,,
2026,1,401868356,2572,2016,,,2026-09-05T21:00:00.000Z,Sun Belt,false,,
2026,1,401867692,2729,2169,,,2026-09-05T22:00:00.000Z,Patriot,false,,
2026,1,401866626,2166,2210,,,2026-09-05T22:00:00.000Z,Pioneer,false,,
2026,1,401860878,36,2751,,,2026-09-05T22:00:00.000Z,Pac-12,false,,
2026,1,401869127,47,257,,,2026-09-05T22:00:00.000Z,MEAC,false,,
2026,1,401868336,236,2635,,,2026-09-05T22:00:00.000Z,Southern,false,,
2026,1,401867973,295,2450,,,2026-09-05T22:00:00.000Z,Sun Belt,false,,
2026,1,401868274,2382,2506,,,2026-09-05T22:00:00.000Z,Southern,false,,
2026,1,401867989,2083,222,,,2026-09-05T22:00:00.000Z,Patriot,false,,
2026,1,401870763,2653,2534,,,2026-09-05T23:00:00.000Z,Sun Belt,false,,
2026,1,401856770,2641,2000,,,2026-09-05T23:00:00.000Z,Big 12,false,,
2026,1,401867866,2393,93,,,2026-09-05T23:00:00.000Z,Conference USA,false,,
2026,1,401856771,2306,2447,,,2026-09-05T23:00:00.000Z,Big 12,false,,
2026,1,401862699,58,2229,,,2026-09-05T23:00:00.000Z,American Athletic,false,,
2026,1,401862695,235,2032,,,2026-09-05T23:00:00.000Z,American Athletic,false,,
2026,1,401868085,331,2460,,,2026-09-05T23:00:00.000Z,Big Sky,false,,
2026,1,401868071,2110,110242,,,2026-09-05T23:00:00.000Z,UAC,false,,
2026,1,401867845,2710,2287,,,2026-09-05T23:00:00.000Z,OVC,false,,
2026,1,401867684,2630,2130,,,2026-09-05T23:00:00.000Z,OVC,false,,
2026,1,401856669,238,2046,,,2026-09-05T23:00:00.000Z,SEC,false,,
2026,1,401862697,242,2277,,,2026-09-05T23:00:00.000Z,American Athletic,false,,
2026,1,401856668,245,2623,,,2026-09-05T23:00:00.000Z,SEC,false,,
2026,1,401868170,290,2127,,,2026-09-05T23:00:00.000Z,Sun Belt,false,,
2026,1,401868140,55,2198,,,2026-09-05T23:00:00.000Z,Conference USA,false,,
2026,1,401860880,328,304,,,2026-09-05T23:00:00.000Z,Pac-12,false,,
2026,1,401868316,6,2545,,,2026-09-05T23:00:00.000Z,Sun Belt,false,,
2026,1,401858211,259,2678,,,2026-09-05T23:30:00.000Z,ACC,false,,
2026,1,401856660,99,228,,,2026-09-05T23:30:00.000Z,SEC,false,,
2026,1,401858428,130,2711,,,2026-09-05T23:30:00.000Z,Big Ten,false,,
2026,1,401856662,344,2433,,,2026-09-05T23:30:00.000Z,SEC,false,,
2026,1,401869129,2348,2466,,,2026-09-05T23:30:00.000Z,Sun Belt,false,,
2026,1,401856637,57,2226,,,2026-09-05T23:45:00.000Z,SEC,false,,
2026,1,401858431,77,2571,,,2026-09-06T00:00:00.000Z,Big Ten,false,,
2026,1,401858427,120,2261,,,2026-09-06T00:00:00.000Z,Big Ten,false,,
2026,1,401868306,2617,2837,,,2026-09-06T00:00:00.000Z,Southland,false,,
2026,1,401868158,253,2692,,,2026-09-06T00:00:00.000Z,Big Sky,false,,
2026,1,401869142,309,2320,,,2026-09-06T00:00:00.000Z,Sun Belt,false,,
2026,1,401867883,2458,233,,,2026-09-06T00:00:00.000Z,Big Sky,false,,
2026,1,401856775,252,3101,,,2026-09-06T00:00:00.000Z,Big 12,false,,
2026,1,401868119,147,2086,,,2026-09-06T00:30:00.000Z,Big Sky,false,,
2026,1,401870790,166,2385,,,2026-09-06T01:00:00.000Z,Conference USA,false,,
2026,1,401860879,21,2502,,,2026-09-06T01:30:00.000Z,Pac-12,false,,
2026,1,401856773,12,2464,,,2026-09-06T01:30:00.000Z,Big 12,false,,
2026,1,401864497,62,2439,,,2026-09-06T02:00:00.000Z,Mountain West,false,,
2026,1,401864498,167,2117,,,2026-09-06T02:00:00.000Z,Mountain West,false,,
2026,1,401868163,301,302,,,2026-09-06T02:00:00.000Z,Pioneer,false,,
2026,1,401866411,16,2400,,,2026-09-06T02:00:00.000Z,Mid-American,false,,
2026,1,401856774,9,2415,,,2026-09-06T02:00:00.000Z,Big 12,false,,
2026,1,401864432,2440,98,,,2026-09-06T02:30:00.000Z,Mountain West,false,,
2026,1,401858210,25,26,,,2026-09-06T02:30:00.000Z,ACC,false,,
2026,1,401868967,2504,2640,,,2026-09-06T16:00:00.000Z,SWAC,false,,
2026,1,401867939,50,2569,,,2026-09-06T19:00:00.000Z,SWAC,false,,
2026,1,401858437,264,265,,,2026-09-06T20:00:00.000Z,Big Ten,false,,
2026,1,401856661,145,97,,,2026-09-06T23:30:00.000Z,SEC,false,,
2026,1,401858438,87,275,,,2026-09-06T23:30:00.000Z,FBS Independents,false,,
2026,1,401858212,52,2567,,,2026-09-07T23:30:00.000Z,ACC,false,,
2026,2,401858213,2390,50,,,2026-09-11T00:00:00.000Z,ACC,false,,
2026,2,401858215,97,222,,,2026-09-11T23:00:00.000Z,ACC,false,,
2026,2,401858220,258,2450,,,2026-09-11T23:00:00.000Z,ACC,false,,
2026,2,401858222,152,257,,,2026-09-11T23:00:00.000Z,ACC,false,,
2026,2,401858214,103,164,,,2026-09-11T23:30:00.000Z,ACC,false,,
2026,2,401856678,2305,142,,,2026-09-12T00:00:00.000Z,Big 12,false,,
2026,2,401865252,167,2385,,,2026-09-12T04:00:00.000Z,Mountain West,false,,
2026,2,401864504,23,13,,,2026-09-12T04:00:00.000Z,Mountain West,false,,
2026,2,401866632,2341,399,,,2026-09-12T04:00:00.000Z,NEC,false,,
2026,2,401856679,130,201,,,2026-09-12T16:00:00.000Z,Big Ten,false,,
2026,2,401856683,245,9,,,2026-09-12T16:00:00.000Z,SEC,false,,
2026,2,401856781,2306,265,,,2026-09-12T16:00:00.000Z,Big 12,false,,
2026,2,401856782,197,2483,,,2026-09-12T16:00:00.000Z,Big 12,false,,
2026,2,401858221,259,295,,,2026-09-12T16:00:00.000Z,ACC,false,,
2026,2,401858224,2509,154,,,2026-09-12T16:00:00.000Z,Big Ten,false,,
2026,2,401858439,84,47,,,2026-09-12T16:00:00.000Z,Big Ten,false,,
2026,2,401858442,218,213,,,2026-09-12T16:00:00.000Z,American Athletic,false,,
2026,2,401862702,349,58,,,2026-09-12T16:00:00.000Z,American Athletic,false,,
2026,2,401866628,227,2210,,,2026-09-12T16:00:00.000Z,Coastal Athletic,false,,
2026,2,401858218,153,2193,,,2026-09-12T16:00:00.000Z,ACC,false,,
2026,2,401866416,2309,2747,,,2026-09-12T16:00:00.000Z,Mid-American,false,,
2026,2,401864571,151,2026,,,2026-09-12T16:00:00.000Z,American Athletic,false,,
2026,2,401868028,322,2368,,,2026-09-12T16:30:00.000Z,Patriot,false,,
2026,2,401856673,61,98,,,2026-09-12T16:45:00.000Z,SEC,false,,
2026,2,401866417,193,107,,,2026-09-12T17:00:00.000Z,Mid-American,false,,
2026,2,401856791,277,2630,,,2026-09-12T17:00:00.000Z,Big 12,false,,
2026,2,401866415,2117,2142,,,2026-09-12T17:00:00.000Z,Mid-American,false,,
2026,2,401867990,2678,2083,,,2026-09-12T17:30:00.000Z,Southern,false,,
2026,2,401868255,2460,2181,,,2026-09-12T18:00:00.000Z,MVFC,false,,
2026,2,401868033,2329,2729,,,2026-09-12T18:00:00.000Z,Patriot,false,,
2026,2,401867895,2754,2184,,,2026-09-12T18:00:00.000Z,MVFC,false,,
2026,2,401867884,233,331,,,2026-09-12T18:00:00.000Z,MVFC,false,,
2026,2,401866413,2050,2619,,,2026-09-12T18:00:00.000Z,Mid-American,false,,
2026,2,401868112,149,3101,,,2026-09-12T19:00:00.000Z,Big Sky,false,,
2026,2,401860884,326,2636,,,2026-09-12T19:30:00.000Z,Pac-12,false,,
2026,2,401856810,252,12,,,2026-09-12T19:30:00.000Z,Big 12,false,,
2026,2,401859184,87,242,,,2026-09-12T19:30:00.000Z,FBS Independents,false,,
2026,2,401856790,221,2116,,,2026-09-12T19:30:00.000Z,ACC,false,,
2026,2,401862708,5,2433,,,2026-09-12T19:30:00.000Z,American Athletic,false,,
2026,2,401856785,38,2692,,,2026-09-12T19:30:00.000Z,Big 12,false,,
2026,2,401866412,2006,2523,,,2026-09-12T19:30:00.000Z,Mid-American,false,,
2026,2,401856677,135,344,,,2026-09-12T19:30:00.000Z,Big Ten,false,,
2026,2,401856674,96,333,,,2026-09-12T19:30:00.000Z,SEC,false,,
2026,2,401867929,256,2681,,,2026-09-12T19:30:00.000Z,Sun Belt,false,,
2026,2,401866420,113,2529,,,2026-09-12T19:30:00.000Z,Mid-American,false,,
2026,2,401866419,2649,2115,,,2026-09-12T19:30:00.000Z,Mid-American,false,,
2026,2,401858440,127,2199,,,2026-09-12T19:30:00.000Z,Big Ten,false,,
2026,2,401858444,41,120,,,2026-09-12T19:30:00.000Z,FBS Independents,false,,
2026,2,401858446,264,328,,,2026-09-12T19:30:00.000Z,Big Ten,false,,
2026,2,401858217,356,150,,,2026-09-12T19:30:00.000Z,Big Ten,false,,
2026,2,401858216,183,25,,,2026-09-12T19:30:00.000Z,ACC,false,,
2026,2,401862705,249,2439,,,2026-09-12T19:45:00.000Z,American Athletic,false,,
2026,2,401868326,2653,2011,,,2026-09-12T20:00:00.000Z,Sun Belt,false,,
2026,2,401858223,2567,302,,,2026-09-12T20:00:00.000Z,ACC,false,,
2026,2,401864506,2751,2458,,,2026-09-12T20:00:00.000Z,Mountain West,false,,
2026,2,401868093,70,2320,,,2026-09-12T20:00:00.000Z,Big Sky,false,,
2026,2,401868285,2065,56,,,2026-09-12T20:00:00.000Z,SWAC,false,,
2026,2,401856684,238,48,,,2026-09-12T20:15:00.000Z,SEC,false,,
2026,2,401868123,2464,2916,,,2026-09-12T21:00:00.000Z,Big Sky,false,,
2026,2,401868061,2046,2413,,,2026-09-12T21:00:00.000Z,UAC,false,,
2026,2,401866630,311,2771,,,2026-09-12T21:00:00.000Z,Coastal Athletic,false,,
2026,2,401856672,57,2097,,,2026-09-12T21:30:00.000Z,SEC,false,,
2026,2,401868102,304,301,,,2026-09-12T22:00:00.000Z,Big Sky,false,,
2026,2,401868374,2382,231,,,2026-09-12T22:00:00.000Z,Southern,false,,
2026,2,401866629,2261,2803,,,2026-09-12T22:00:00.000Z,Coastal Athletic,false,,
2026,2,401868187,2335,2241,,,2026-09-12T22:00:00.000Z,Conference USA,false,,
2026,2,401860881,68,235,,,2026-09-12T22:00:00.000Z,Pac-12,false,,
2026,2,401868171,2643,2127,,,2026-09-12T22:00:00.000Z,Southern,false,,
2026,2,401866418,195,55,,,2026-09-12T22:00:00.000Z,Mid-American,false,,
2026,2,401868141,2198,236,,,2026-09-12T22:00:00.000Z,UAC,false,,
2026,2,401866414,2229,2084,,,2026-09-12T22:00:00.000Z,Conference USA,false,,
2026,2,401866631,160,284,,,2026-09-12T22:00:00.000Z,Coastal Athletic,false,,
2026,2,401866633,2428,2448,,,2026-09-12T22:00:00.000Z,MEAC,false,,
2026,2,401866421,2711,2405,,,2026-09-12T22:30:00.000Z,Mid-American,false,,
2026,2,401867856,2197,282,,,2026-09-12T23:00:00.000Z,OVC,false,,
2026,2,401867867,93,2674,,,2026-09-12T23:00:00.000Z,MVFC,false,,
2026,2,401871046,2623,2815,,,2026-09-12T23:00:00.000Z,Conference USA,false,,
2026,2,401871045,276,2393,,,2026-09-12T23:00:00.000Z,Sun Belt,false,,
2026,2,401869955,338,2247,,,2026-09-12T23:00:00.000Z,Conference USA,false,,
2026,2,401868241,2032,2698,,,2026-09-12T23:00:00.000Z,Sun Belt,false,,
2026,2,401862707,2534,202,,,2026-09-12T23:00:00.000Z,Conference USA,false,,
2026,2,401860882,36,253,,,2026-09-12T23:00:00.000Z,Pac-12,false,,
2026,2,401858441,158,189,,,2026-09-12T23:00:00.000Z,Big Ten,false,,
2026,2,401856787,248,2582,,,2026-09-12T23:00:00.000Z,Big 12,false,,
2026,2,401856786,2132,2717,,,2026-09-12T23:00:00.000Z,Big 12,false,,
2026,2,401856681,59,2633,,,2026-09-12T23:00:00.000Z,ACC,false,,
2026,2,401856680,2579,119,,,2026-09-12T23:00:00.000Z,SEC,false,,
2026,2,401867890,79,2546,,,2026-09-12T23:00:00.000Z,MVFC,false,,
2026,2,401868150,2545,2453,,,2026-09-12T23:00:00.000Z,Southland,false,,
2026,2,401868195,2010,2634,,,2026-09-12T23:00:00.000Z,SWAC,false,,
2026,2,401868236,2377,2627,,,2026-09-12T23:00:00.000Z,Southland,false,,
2026,2,401868246,2447,292,,,2026-09-12T23:00:00.000Z,Southland,false,,
2026,2,401868355,2016,2029,,,2026-09-12T23:00:00.000Z,SWAC,false,,
2026,2,401868386,2635,2535,,,2026-09-12T23:00:00.000Z,Southern,false,,
2026,2,401869130,2837,2466,,,2026-09-12T23:00:00.000Z,Southland,false,,
2026,2,401872616,2571,2441,,,2026-09-12T23:00:00.000Z,MVFC,false,,
2026,2,401864575,2655,6,,,2026-09-12T23:00:00.000Z,American Athletic,false,,
2026,2,401864503,2459,2287,,,2026-09-12T23:00:00.000Z,Mountain West,false,,
2026,2,401858443,26,21,,,2026-09-12T23:15:00.000Z,Big Ten,false,,
2026,2,401858447,275,2710,,,2026-09-12T23:15:00.000Z,Big Ten,false,,
2026,2,401856682,251,194,,,2026-09-12T23:30:00.000Z,SEC,false,,
2026,2,401868008,324,2230,,,2026-09-12T23:30:00.000Z,Sun Belt,false,,
2026,2,401867796,99,2348,,,2026-09-12T23:30:00.000Z,SEC,false,,
2026,2,401862703,2226,2426,,,2026-09-12T23:30:00.000Z,American Athletic,false,,
2026,2,401856788,2294,66,,,2026-09-12T23:30:00.000Z,Big Ten,false,,
2026,2,401856783,204,2641,,,2026-09-12T23:30:00.000Z,Pac-12,false,,
2026,2,401858219,228,290,,,2026-09-12T23:30:00.000Z,ACC,false,,
2026,2,401856676,145,2429,,,2026-09-12T23:45:00.000Z,SEC,false,,
2026,2,401856671,2,2572,,,2026-09-12T23:45:00.000Z,SEC,false,,
2026,2,401868050,2000,2617,,,2026-09-13T00:00:00.000Z,UAC,false,,
2026,2,401856784,239,2504,,,2026-09-13T00:00:00.000Z,Big 12,false,,
2026,2,401856789,2628,2755,,,2026-09-13T00:00:00.000Z,Big 12,false,,
2026,2,401864505,2638,2640,,,2026-09-13T01:00:00.000Z,Mountain West,false,,
2026,2,401864502,2005,2449,,,2026-09-13T02:00:00.000Z,Mountain West,false,,
2026,2,401867876,2502,155,,,2026-09-13T02:00:00.000Z,Big Sky,false,,
2026,2,401856670,254,8,,,2026-09-13T02:15:00.000Z,Big 12,false,,
2026,2,401860883,278,16,,,2026-09-13T02:30:00.000Z,Pac-12,false,,
2026,2,401864500,2440,147,,,2026-09-13T02:30:00.000Z,Mountain West,false,,
2026,2,401858445,30,309,,,2026-09-13T03:00:00.000Z,Big Ten,false,,
2026,2,401864578,62,166,,,2026-09-13T03:59:00.000Z,Mountain West,false,,
2026,3,401858225,221,183,,,2026-09-17T23:30:00.000Z,ACC,false,,
2026,3,401858226,154,2390,,,2026-09-18T23:30:00.000Z,ACC,false,,
2026,3,401856811,2641,248,,,2026-09-19T00:00:00.000Z,Big 12,false,,
2026,3,401858455,2483,2502,,,2026-09-19T02:30:00.000Z,Big Ten,false,,
2026,3,401867908,2341,222,,,2026-09-19T04:00:00.000Z,NEC,false,,
2026,3,401869940,48,324,,,2026-09-19T15:30:00.000Z,Conference USA,false,,
2026,3,401856686,8,61,,,2026-09-19T16:00:00.000Z,SEC,false,,
2026,3,401856792,2306,2655,,,2026-09-19T16:00:00.000Z,Big 12,false,,
2026,3,401856798,66,189,,,2026-09-19T16:00:00.000Z,Big 12,false,,
2026,3,401858228,59,2382,,,2026-09-19T16:00:00.000Z,ACC,false,,
2026,3,401858229,228,153,,,2026-09-19T16:00:00.000Z,ACC,false,,
2026,3,401858451,135,2006,,,2026-09-19T16:00:00.000Z,Big Ten,false,,
2026,3,401858454,194,2309,,,2026-09-19T16:00:00.000Z,Big Ten,false,,
2026,3,401858456,213,2084,,,2026-09-19T16:00:00.000Z,Big Ten,false,,
2026,3,401860889,326,249,,,2026-09-19T16:00:00.000Z,Pac-12,false,,
2026,3,401856812,2305,9,,,2026-09-19T16:00:00.000Z,Big 12,false,,
2026,3,401867805,2441,225,,,2026-09-19T16:00:00.000Z,NEC,false,,
2026,3,401867817,171,322,,,2026-09-19T16:00:00.000Z,Ivy,false,,
2026,3,401867834,2329,159,,,2026-09-19T16:00:00.000Z,Patriot,false,,
2026,3,401868242,2193,2698,,,2026-09-19T16:00:00.000Z,Southern,false,,
2026,3,401858460,275,2199,,,2026-09-19T16:30:00.000Z,Big Ten,false,,
2026,3,401856689,142,2653,,,2026-09-19T16:45:00.000Z,SEC,false,,
2026,3,401856695,238,152,,,2026-09-19T16:45:00.000Z,SEC,false,,
2026,3,401868397,2166,2678,,,2026-09-19T17:00:00.000Z,Pioneer,false,,
2026,3,401867857,282,2674,,,2026-09-19T17:00:00.000Z,MVFC,false,,
2026,3,401867826,2142,172,,,2026-09-19T17:00:00.000Z,Patriot,false,,
2026,3,401867686,2086,2130,,,2026-09-19T17:00:00.000Z,Pioneer,false,,
2026,3,401864508,2117,2751,,,2026-09-19T17:00:00.000Z,Mid-American,false,,
2026,3,401866639,160,108,,,2026-09-19T17:00:00.000Z,Coastal Athletic,false,,
2026,3,401866638,2803,163,,,2026-09-19T17:00:00.000Z,Coastal Athletic,false,,
2026,3,401858448,356,79,,,2026-09-19T18:00:00.000Z,Big Ten,false,,
2026,3,401858227,103,311,,,2026-09-19T18:00:00.000Z,ACC,false,,
2026,3,401868159,2900,253,,,2026-09-19T18:00:00.000Z,Pioneer,false,,
2026,3,401868023,107,43,,,2026-09-19T18:00:00.000Z,Patriot,false,,
2026,3,401868275,2717,2506,,,2026-09-19T18:30:00.000Z,Southern,false,,
2026,3,401866634,2619,227,,,2026-09-19T18:30:00.000Z,Coastal Athletic,false,,
2026,3,401867991,2083,219,,,2026-09-19T19:00:00.000Z,Patriot,false,,
2026,3,401862774,2649,218,,,2026-09-19T19:00:00.000Z,Mid-American,false,,
2026,3,401867846,2287,2197,,,2026-09-19T19:00:00.000Z,MVFC,false,,
2026,3,401867898,147,2115,,,2026-09-19T19:00:00.000Z,Big Sky,false,,
2026,3,401858457,164,30,,,2026-09-19T19:30:00.000Z,Big Ten,false,,
2026,3,401858450,130,2638,,,2026-09-19T19:30:00.000Z,Big Ten,false,,
2026,3,401858233,25,2681,,,2026-09-19T19:30:00.000Z,ACC,false,,
2026,3,401858230,97,2567,,,2026-09-19T19:30:00.000Z,ACC,false,,
2026,3,401856801,254,328,,,2026-09-19T19:30:00.000Z,Big 12,false,,
2026,3,401856797,2132,193,,,2026-09-19T19:30:00.000Z,Big 12,false,,
2026,3,401860890,265,2184,,,2026-09-19T19:30:00.000Z,Pac-12,false,,
2026,3,401856694,245,96,,,2026-09-19T19:30:00.000Z,SEC,false,,
2026,3,401856685,333,52,,,2026-09-19T19:30:00.000Z,SEC,false,,
2026,3,401866424,113,284,,,2026-09-19T19:30:00.000Z,Mid-American,false,,
2026,3,401868018,257,46,,,2026-09-19T19:30:00.000Z,Patriot,false,,
2026,3,401866635,399,2405,,,2026-09-19T19:30:00.000Z,Coastal Athletic,false,,
2026,3,401868051,70,2000,,,2026-09-19T20:00:00.000Z,Big Sky,false,,
2026,3,401867804,239,2348,,,2026-09-19T20:00:00.000Z,Big 12,false,,
2026,3,401858231,150,24,,,2026-09-19T20:00:00.000Z,ACC,false,,
2026,3,401866641,2450,2261,,,2026-09-19T20:00:00.000Z,MEAC,false,,
2026,3,401858449,84,98,,,2026-09-19T20:00:00.000Z,Big Ten,false,,
2026,3,401858471,2294,2460,,,2026-09-19T20:00:00.000Z,Big Ten,false,,
2026,3,401866422,2335,2050,,,2026-09-19T20:00:00.000Z,Conference USA,false,,
2026,3,401856691,2579,344,,,2026-09-19T20:15:00.000Z,SEC,false,,
2026,3,401868317,2433,2545,,,2026-09-19T20:30:00.000Z,Sun Belt,false,,
2026,3,401866637,2210,2529,,,2026-09-19T22:00:00.000Z,Coastal Athletic,false,,
2026,3,401864574,2026,2429,,,2026-09-19T22:00:00.000Z,Sun Belt,false,,
2026,3,401862771,2226,2229,,,2026-09-19T22:00:00.000Z,American Athletic,false,,
2026,3,401866640,119,2415,,,2026-09-19T22:00:00.000Z,Coastal Athletic,false,,
2026,3,401866636,2097,2448,,,2026-09-19T22:00:00.000Z,Coastal Athletic,false,,
2026,3,401862710,295,151,,,2026-09-19T22:00:00.000Z,Sun Belt,false,,
2026,3,401868009,2729,2230,,,2026-09-19T22:00:00.000Z,Patriot,false,,
2026,3,401868337,236,2747,,,2026-09-19T22:00:00.000Z,Southern,false,,
2026,3,401868142,2198,2168,,,2026-09-19T22:00:00.000Z,UAC,false,,
2026,3,401867979,2241,2428,,,2026-09-19T22:00:00.000Z,OVC,false,,
2026,3,401871047,2623,276,,,2026-09-19T22:30:00.000Z,Conference USA,false,,
2026,3,401862772,235,2630,,,2026-09-19T23:00:00.000Z,American Athletic,false,,
2026,3,401868237,2627,2771,,,2026-09-19T23:00:00.000Z,UAC,false,,
2026,3,401868205,2710,2413,,,2026-09-19T23:00:00.000Z,OVC,false,,
2026,3,401868196,50,2634,,,2026-09-19T23:00:00.000Z,SWAC,false,,
2026,3,401856687,2,57,,,2026-09-19T23:00:00.000Z,SEC,false,,
2026,3,401856800,2116,2247,,,2026-09-19T23:00:00.000Z,Big 12,false,,
2026,3,401856803,197,93,,,2026-09-19T23:00:00.000Z,Big 12,false,,
2026,3,401862777,58,2169,,,2026-09-19T23:00:00.000Z,American Athletic,false,,
2026,3,401869948,55,290,,,2026-09-19T23:00:00.000Z,Conference USA,false,,
2026,3,401867896,2571,2754,,,2026-09-19T23:00:00.000Z,MVFC,false,,
2026,3,401867984,231,2569,,,2026-09-19T23:00:00.000Z,Southern,false,,
2026,3,401864443,2393,2440,,,2026-09-19T23:00:00.000Z,Conference USA,false,,
2026,3,401868062,110242,2046,,,2026-09-19T23:00:00.000Z,UAC,false,,
2026,3,401868133,2546,2110,,,2026-09-19T23:00:00.000Z,OVC,false,,
2026,3,401866423,6,195,,,2026-09-19T23:00:00.000Z,Sun Belt,false,,
2026,3,401868151,2453,2016,,,2026-09-19T23:00:00.000Z,UAC,false,,
2026,3,401861963,2572,41,,,2026-09-19T23:00:00.000Z,Sun Belt,false,,
2026,3,401869147,2916,2277,,,2026-09-19T23:00:00.000Z,Southland,false,,
2026,3,401862773,242,2711,,,2026-09-19T23:00:00.000Z,American Athletic,false,,
2026,3,401870764,2534,2447,,,2026-09-19T23:00:00.000Z,Conference USA,false,,
2026,3,401858459,264,331,,,2026-09-19T23:15:00.000Z,Big Ten,false,,
2026,3,401858452,158,155,,,2026-09-19T23:15:00.000Z,Big Ten,false,,
2026,3,401858453,87,127,,,2026-09-19T23:30:00.000Z,FBS Independents,false,,
2026,3,401856795,36,252,,,2026-09-19T23:30:00.000Z,Pac-12,false,,
2026,3,401856796,77,38,,,2026-09-19T23:30:00.000Z,Big Ten,false,,
2026,3,401856802,258,277,,,2026-09-19T23:30:00.000Z,ACC,false,,
2026,3,401858232,120,259,,,2026-09-19T23:30:00.000Z,Big Ten,false,,
2026,3,401856688,145,99,,,2026-09-19T23:30:00.000Z,SEC,false,,
2026,3,401856690,201,167,,,2026-09-19T23:30:00.000Z,SEC,false,,
2026,3,401856692,2633,338,,,2026-09-19T23:45:00.000Z,SEC,false,,
2026,3,401862775,202,2837,,,2026-09-20T00:00:00.000Z,American Athletic,false,,
2026,3,401856693,251,2636,,,2026-09-20T00:00:00.000Z,SEC,false,,
2026,3,401868168,2692,2466,,,2026-09-20T00:00:00.000Z,Big Sky,false,,
2026,3,401868247,292,2377,,,2026-09-20T00:00:00.000Z,Southland,false,,
2026,3,401868307,2504,2617,,,2026-09-20T00:00:00.000Z,SWAC,false,,
2026,3,401868075,13,301,,,2026-09-20T00:00:00.000Z,Big Sky,false,,
2026,3,401868124,3101,2464,,,2026-09-20T00:00:00.000Z,Big Sky,false,,
2026,3,401856799,2628,2032,,,2026-09-20T00:00:00.000Z,Big 12,false,,
2026,3,401862776,309,5,,,2026-09-20T00:00:00.000Z,Sun Belt,false,,
2026,3,401860887,21,256,,,2026-09-20T02:00:00.000Z,Pac-12,false,,
2026,3,401868164,302,56,,,2026-09-20T02:00:00.000Z,Big Sky,false,,
2026,3,401860885,68,233,,,2026-09-20T02:00:00.000Z,Pac-12,false,,
2026,3,401856793,12,2459,,,2026-09-20T02:30:00.000Z,Big 12,false,,
2026,3,401864507,16,2449,,,2026-09-20T02:30:00.000Z,Mid-American,false,,
2026,3,401858458,26,2509,,,2026-09-20T03:00:00.000Z,Big Ten,false,,
2026,3,401860886,204,149,,,2026-09-20T03:00:00.000Z,Pac-12,false,,
2026,3,401860888,23,278,,,2026-09-20T03:00:00.000Z,Mountain West,false,,
2026,4,401869941,324,2335,,,2026-09-24T23:30:00.000Z,Sun Belt,false,,
2026,4,401862779,218,349,,,2026-09-25T20:00:00.000Z,American Athletic,false,,
2026,4,401858468,164,47,,,2026-09-25T23:00:00.000Z,Big Ten,false,,
2026,4,401862778,5,2426,,,2026-09-25T23:00:00.000Z,American Athletic,false,,
2026,4,401867806,225,108,,,2026-09-25T23:00:00.000Z,Ivy,false,,
2026,4,401858461,84,77,,,2026-09-26T00:00:00.000Z,Big Ten,false,,
2026,4,401858234,25,228,,,2026-09-26T02:30:00.000Z,ACC,false,,
2026,4,401866425,2309,2050,,,2026-09-26T04:00:00.000Z,Mid-American,false,,
2026,4,401864572,152,2026,,,2026-09-26T04:00:00.000Z,ACC,false,,
2026,4,401864511,2247,2459,,,2026-09-26T04:00:00.000Z,Sun Belt,false,,
2026,4,401864509,2440,2005,,,2026-09-26T04:00:00.000Z,Mountain West,false,,
2026,4,401867687,2130,2450,,,2026-09-26T04:00:00.000Z,FCS Independents,false,,
2026,4,401868960,2296,2582,,,2026-09-26T04:00:00.000Z,SWAC,false,,
2026,4,401858237,52,2110,,,2026-09-26T04:00:00.000Z,ACC,false,,
2026,4,401858243,97,154,,,2026-09-26T04:00:00.000Z,ACC,false,,
2026,4,401858242,103,259,,,2026-09-26T04:00:00.000Z,ACC,false,,
2026,4,401856702,99,245,,,2026-09-26T04:00:00.000Z,SEC,false,,
2026,4,401858241,2567,2623,,,2026-09-26T04:00:00.000Z,ACC,false,,
2026,4,401856703,344,142,,,2026-09-26T04:00:00.000Z,SEC,false,,
2026,4,401858239,258,48,,,2026-09-26T04:00:00.000Z,ACC,false,,
2026,4,401856881,277,197,,,2026-09-26T04:00:00.000Z,Big 12,false,,
2026,4,401856816,66,254,,,2026-09-26T04:00:00.000Z,Big 12,false,,
2026,4,401856815,2116,2628,,,2026-09-26T04:00:00.000Z,Big 12,false,,
2026,4,401856814,2132,2306,,,2026-09-26T04:00:00.000Z,Big 12,false,,
2026,4,401856813,239,38,,,2026-09-26T04:00:00.000Z,Big 12,false,,
2026,4,401856806,290,248,,,2026-09-26T04:00:00.000Z,Sun Belt,false,,
2026,4,401856805,2641,2534,,,2026-09-26T04:00:00.000Z,Big 12,false,,
2026,4,401869961,295,256,,,2026-09-26T04:00:00.000Z,Sun Belt,false,,
2026,4,401856696,333,2579,,,2026-09-26T04:00:00.000Z,SEC,false,,
2026,4,401856698,2,238,,,2026-09-26T04:00:00.000Z,SEC,false,,
2026,4,401856699,57,145,,,2026-09-26T04:00:00.000Z,SEC,false,,
2026,4,401856700,61,201,,,2026-09-26T04:00:00.000Z,SEC,false,,
2026,4,401866429,16,113,,,2026-09-26T04:00:00.000Z,Mid-American,false,,
2026,4,401860896,2636,36,,,2026-09-26T04:00:00.000Z,American Athletic,false,,
2026,4,401864512,2006,2439,,,2026-09-26T04:00:00.000Z,Mid-American,false,,
2026,4,401862785,189,58,,,2026-09-26T04:00:00.000Z,Mid-American,false,,
2026,4,401861970,193,41,,,2026-09-26T04:00:00.000Z,Mid-American,false,,
2026,4,401862784,2655,2572,,,2026-09-26T04:00:00.000Z,American Athletic,false,,
2026,4,401862782,2433,2226,,,2026-09-26T04:00:00.000Z,Sun Belt,false,,
2026,4,401862780,2429,309,,,2026-09-26T04:00:00.000Z,American Athletic,false,,
2026,4,401858469,30,2483,,,2026-09-26T04:00:00.000Z,Big Ten,false,,
2026,4,401860897,2711,68,,,2026-09-26T04:00:00.000Z,Mid-American,false,,
2026,4,401860893,2649,21,,,2026-09-26T04:00:00.000Z,Mid-American,false,,
2026,4,401858470,264,135,,,2026-09-26T04:00:00.000Z,Big Ten,false,,
2026,4,401858467,2509,87,,,2026-09-26T04:00:00.000Z,Big Ten,false,,
2026,4,401858466,213,275,,,2026-09-26T04:00:00.000Z,Big Ten,false,,
2026,4,401858465,194,356,,,2026-09-26T04:00:00.000Z,Big Ten,false,,
2026,4,401858464,127,158,,,2026-09-26T04:00:00.000Z,Big Ten,false,,
2026,4,401858463,130,2294,,,2026-09-26T04:00:00.000Z,Big Ten,false,,
2026,4,401858462,120,26,,,2026-09-26T04:00:00.000Z,Big Ten,false,,
2026,4,401856704,2633,251,,,2026-09-26T16:00:00.000Z,SEC,false,,
2026,4,401866642,2529,160,,,2026-09-26T16:00:00.000Z,Coastal Athletic,false,,
2026,4,401868263,2368,2506,,,2026-09-26T16:00:00.000Z,Pioneer,false,,
2026,4,401858236,221,2083,,,2026-09-26T16:00:00.000Z,ACC,false,,
2026,4,401867818,46,171,,,2026-09-26T16:30:00.000Z,Patriot,false,,
2026,4,401868024,322,107,,,2026-09-26T16:30:00.000Z,Patriot,false,,
2026,4,401864576,96,6,,,2026-09-26T16:45:00.000Z,SEC,false,,
2026,4,401866427,2199,2815,,,2026-09-26T17:00:00.000Z,Mid-American,false,,
2026,4,401866647,159,2405,,,2026-09-26T17:00:00.000Z,Ivy,false,,
2026,4,401868034,219,2329,,,2026-09-26T17:00:00.000Z,Ivy,false,,
2026,4,401872618,2771,2441,,,2026-09-26T17:00:00.000Z,FCS Independents,false,,
2026,4,401866648,2230,2619,,,2026-09-26T17:00:00.000Z,Patriot,false,,
2026,4,401867827,172,43,,,2026-09-26T17:00:00.000Z,Ivy,false,,
2026,4,401867858,282,155,,,2026-09-26T17:00:00.000Z,MVFC,false,,
2026,4,401868219,2166,2181,,,2026-09-26T17:00:00.000Z,Pioneer,false,,
2026,4,401868390,2747,2635,,,2026-09-26T17:30:00.000Z,Southern,false,,
2026,4,401868338,2643,236,,,2026-09-26T18:00:00.000Z,Southern,false,,
2026,4,401868281,2900,301,,,2026-09-26T18:00:00.000Z,Pioneer,false,,
2026,4,401868063,2046,2630,,,2026-09-26T18:00:00.000Z,UAC,false,,
2026,4,401868037,257,231,,,2026-09-26T18:00:00.000Z,Patriot,false,,
2026,4,401867885,2754,233,,,2026-09-26T18:00:00.000Z,MVFC,false,,
2026,4,401868211,2674,2086,,,2026-09-26T18:00:00.000Z,Pioneer,false,,
2026,4,401866643,2210,311,,,2026-09-26T18:00:00.000Z,Coastal Athletic,false,,
2026,4,401868001,222,2142,,,2026-09-26T18:30:00.000Z,Patriot,false,,
2026,4,401866646,163,399,,,2026-09-26T19:00:00.000Z,Ivy,false,,
2026,4,401864510,2751,62,,,2026-09-26T19:00:00.000Z,Mountain West,false,,
2026,4,401858244,150,2729,,,2026-09-26T19:30:00.000Z,ACC,false,,
2026,4,401864579,166,167,,,2026-09-26T19:30:00.000Z,Conference USA,false,,
2026,4,401866426,2084,2523,,,2026-09-26T19:30:00.000Z,Mid-American,false,,
2026,4,401866428,195,284,,,2026-09-26T19:30:00.000Z,Mid-American,false,,
2026,4,401868188,276,2241,,,2026-09-26T19:30:00.000Z,Sun Belt,false,,
2026,4,401868387,2535,2678,,,2026-09-26T19:30:00.000Z,Southern,false,,
2026,4,401868346,2193,2717,,,2026-09-26T19:30:00.000Z,Southern,false,,
2026,4,401866644,2448,227,,,2026-09-26T20:00:00.000Z,Coastal Athletic,false,,
2026,4,401868206,2453,2710,,,2026-09-26T20:00:00.000Z,UAC,false,,
2026,4,401868358,2016,2640,,,2026-09-26T20:00:00.000Z,SWAC,false,,
2026,4,401869143,2447,2320,,,2026-09-26T20:00:00.000Z,Southland,false,,
2026,4,401862781,151,2428,,,2026-09-26T20:00:00.000Z,American Athletic,false,,
2026,4,401867847,2460,2287,,,2026-09-26T21:00:00.000Z,MVFC,false,,
2026,4,401866649,2169,119,,,2026-09-26T22:00:00.000Z,MEAC,false,,
2026,4,401867909,2229,2341,,,2026-09-26T22:00:00.000Z,Conference USA,false,,
2026,4,401860892,326,2916,,,2026-09-26T22:00:00.000Z,Pac-12,false,,
2026,4,401868327,2011,2400,,,2026-09-26T22:00:00.000Z,SWAC,false,,
2026,4,401866645,2261,2097,,,2026-09-26T22:00:00.000Z,Coastal Athletic,false,,
2026,4,401858238,2390,2117,,,2026-09-26T22:30:00.000Z,ACC,false,,
2026,4,401868076,331,13,,,2026-09-26T23:00:00.000Z,Big Sky,false,,
2026,4,401867985,2065,2569,,,2026-09-26T23:00:00.000Z,SWAC,false,,
2026,4,401867868,93,79,,,2026-09-26T23:00:00.000Z,MVFC,false,,
2026,4,401868954,2755,2504,,,2026-09-26T23:00:00.000Z,SWAC,false,,
2026,4,401871048,55,2393,,,2026-09-26T23:00:00.000Z,Conference USA,false,,
2026,4,401868179,2571,2197,,,2026-09-26T23:00:00.000Z,MVFC,false,,
2026,4,401869137,2377,2837,,,2026-09-26T23:00:00.000Z,Southland,false,,
2026,4,401871472,2546,110242,,,2026-09-26T23:00:00.000Z,OVC,false,,
2026,4,401869931,2032,338,,,2026-09-26T23:00:00.000Z,Sun Belt,false,,
2026,4,401870745,98,2385,,,2026-09-26T23:00:00.000Z,Conference USA,false,,
2026,4,401868318,2466,2545,,,2026-09-26T23:00:00.000Z,Southland,false,,
2026,4,401868299,50,2010,,,2026-09-26T23:00:00.000Z,SWAC,false,,
2026,4,401862783,249,2277,,,2026-09-26T23:30:00.000Z,American Athletic,false,,
2026,4,401860894,328,2653,,,2026-09-26T23:30:00.000Z,Pac-12,false,,
2026,4,401856804,265,12,,,2026-09-26T23:30:00.000Z,Pac-12,false,,
2026,4,401868131,2458,3101,,,2026-09-27T00:00:00.000Z,Big Sky,false,,
2026,4,401868155,2692,2502,,,2026-09-27T00:00:00.000Z,Big Sky,false,,
2026,4,401856697,8,202,,,2026-09-27T00:00:00.000Z,SEC,false,,
2026,4,401868052,2000,2382,,,2026-09-27T00:00:00.000Z,UAC,false,,
2026,4,401868103,253,304,,,2026-09-27T00:00:00.000Z,Big Sky,false,,
2026,4,401860895,2638,204,,,2026-09-27T01:00:00.000Z,Mountain West,false,,
2026,4,401860891,278,242,,,2026-09-27T02:00:00.000Z,Pac-12,false,,
2026,4,401868113,302,149,,,2026-09-27T02:00:00.000Z,Big Sky,false,,
2026,4,401858240,24,59,,,2026-09-27T02:30:00.000Z,ACC,false,,
2026,4,401868120,147,2464,,,2026-09-27T02:30:00.000Z,Big Sky,false,,
2026,5,401871049,166,98,,,2026-10-02T00:00:00.000Z,Conference USA,false,,
2026,5,401862786,202,249,,,2026-10-02T01:00:00.000Z,American Athletic,false,,
2026,5,401871050,48,2335,,,2026-10-02T23:00:00.000Z,Conference USA,false,,
2026,5,401858245,259,221,,,2026-10-02T23:00:00.000Z,ACC,false,,
2026,5,401858476,77,213,,,2026-10-03T00:00:00.000Z,Big Ten,false,,
2026,5,401868094,70,147,,,2026-10-03T02:30:00.000Z,Big Sky,false,,
2026,5,401858472,356,2509,,,2026-10-03T04:00:00.000Z,Big Ten,false,,
2026,5,401858251,154,24,,,2026-10-03T04:00:00.000Z,ACC,false,,
2026,5,401858249,228,2390,,,2026-10-03T04:00:00.000Z,ACC,false,,
2026,5,401858246,2567,103,,,2026-10-03T04:00:00.000Z,ACC,false,,
2026,5,401856822,66,277,,,2026-10-03T04:00:00.000Z,Big 12,false,,
2026,5,401856821,38,2641,,,2026-10-03T04:00:00.000Z,Big 12,false,,
2026,5,401856820,12,2132,,,2026-10-03T04:00:00.000Z,Big 12,false,,
2026,5,401856819,248,2116,,,2026-10-03T04:00:00.000Z,Big 12,false,,
2026,5,401856817,9,239,,,2026-10-03T04:00:00.000Z,Big 12,false,,
2026,5,401856807,2305,2393,,,2026-10-03T04:00:00.000Z,Big 12,false,,
2026,5,401856711,245,8,,,2026-10-03T04:00:00.000Z,SEC,false,,
2026,5,401856710,2633,2,,,2026-10-03T04:00:00.000Z,SEC,false,,
2026,5,401856709,2579,96,,,2026-10-03T04:00:00.000Z,SEC,false,,
2026,5,401856708,142,57,,,2026-10-03T04:00:00.000Z,SEC,false,,
2026,5,401856707,344,333,,,2026-10-03T04:00:00.000Z,SEC,false,,
2026,5,401856705,61,238,,,2026-10-03T04:00:00.000Z,SEC,false,,
2026,5,401856818,2628,252,,,2026-10-03T04:00:00.000Z,Big 12,false,,
2026,5,401862787,2429,235,,,2026-10-03T04:00:00.000Z,American Athletic,false,,
2026,5,401862788,242,2636,,,2026-10-03T04:00:00.000Z,American Athletic,false,,
2026,5,401866477,193,189,,,2026-10-03T04:00:00.000Z,Mid-American,false,,
2026,5,401862792,58,218,,,2026-10-03T04:00:00.000Z,American Athletic,false,,
2026,5,401858250,153,87,,,2026-10-03T04:00:00.000Z,ACC,false,,
2026,5,401858478,30,264,,,2026-10-03T04:00:00.000Z,Big Ten,false,,
2026,5,401858248,152,97,,,2026-10-03T04:00:00.000Z,ACC,false,,
2026,5,401871089,6,2433,,,2026-10-03T04:00:00.000Z,Sun Belt,false,,
2026,5,401869962,256,276,,,2026-10-03T04:00:00.000Z,Sun Belt,false,,
2026,5,401869956,2247,295,,,2026-10-03T04:00:00.000Z,Sun Belt,false,,
2026,5,401869942,324,290,,,2026-10-03T04:00:00.000Z,Sun Belt,false,,
2026,5,401869932,309,2032,,,2026-10-03T04:00:00.000Z,Sun Belt,false,,
2026,5,401869842,2348,349,,,2026-10-03T04:00:00.000Z,Sun Belt,false,,
2026,5,401858253,52,258,,,2026-10-03T04:00:00.000Z,ACC,false,,
2026,5,401866434,2309,195,,,2026-10-03T04:00:00.000Z,Mid-American,false,,
2026,5,401866433,113,2199,,,2026-10-03T04:00:00.000Z,Mid-American,false,,
2026,5,401866432,2084,2711,,,2026-10-03T04:00:00.000Z,Mid-American,false,,
2026,5,401866431,2050,2649,,,2026-10-03T04:00:00.000Z,Mid-American,false,,
2026,5,401866430,2117,2006,,,2026-10-03T04:00:00.000Z,Mid-American,false,,
2026,5,401864514,167,2638,,,2026-10-03T04:00:00.000Z,Mountain West,false,,
2026,5,401867899,2115,2681,,,2026-10-03T04:00:00.000Z,NEC,false,,
2026,5,401858479,275,127,,,2026-10-03T04:00:00.000Z,Big Ten,false,,
2026,5,401858475,158,120,,,2026-10-03T04:00:00.000Z,Big Ten,false,,
2026,5,401858474,135,130,,,2026-10-03T04:00:00.000Z,Big Ten,false,,
2026,5,401858473,2294,194,,,2026-10-03T04:00:00.000Z,Big Ten,false,,
2026,5,401867910,2341,2385,,,2026-10-03T16:00:00.000Z,NEC,false,,
2026,5,401858252,41,183,,,2026-10-03T16:00:00.000Z,FBS Independents,false,,
2026,5,401862791,2005,2426,,,2026-10-03T16:00:00.000Z,Mountain West,false,,
2026,5,401870840,43,2771,,,2026-10-03T16:00:00.000Z,Ivy,false,,
2026,5,401866654,227,225,,,2026-10-03T16:00:00.000Z,Coastal Athletic,false,,
2026,5,401867819,171,163,,,2026-10-03T16:00:00.000Z,Ivy,false,,
2026,5,401868010,2329,2230,,,2026-10-03T16:00:00.000Z,Patriot,false,,
2026,5,401867828,46,172,,,2026-10-03T16:30:00.000Z,Patriot,false,,
2026,5,401868029,322,257,,,2026-10-03T16:30:00.000Z,Patriot,false,,
2026,5,401868228,2181,2168,,,2026-10-03T17:00:00.000Z,Pioneer,false,,
2026,5,401868276,2506,2900,,,2026-10-03T17:00:00.000Z,Pioneer,false,,
2026,5,401868264,56,2368,,,2026-10-03T17:00:00.000Z,Pioneer,false,,
2026,5,401867967,222,2415,,,2026-10-03T17:00:00.000Z,Patriot,false,,
2026,5,401866651,2405,119,,,2026-10-03T17:00:00.000Z,Coastal Athletic,false,,
2026,5,401866650,160,2210,,,2026-10-03T17:00:00.000Z,Coastal Athletic,false,,
2026,5,401868270,2413,2674,,,2026-10-03T17:00:00.000Z,Pioneer,false,,
2026,5,401868381,2678,2382,,,2026-10-03T17:30:00.000Z,Southern,false,,
2026,5,401867835,159,219,,,2026-10-03T17:30:00.000Z,Ivy,false,,
2026,5,401867986,2569,2643,,,2026-10-03T18:00:00.000Z,MEAC,false,,
2026,5,401868375,231,2747,,,2026-10-03T18:00:00.000Z,Southern,false,,
2026,5,401867869,155,93,,,2026-10-03T18:00:00.000Z,MVFC,false,,
2026,5,401867918,2523,2450,,,2026-10-03T18:00:00.000Z,NEC,false,,
2026,5,401866656,2261,47,,,2026-10-03T19:00:00.000Z,Coastal Athletic,false,,
2026,5,401867859,233,282,,,2026-10-03T19:00:00.000Z,MVFC,false,,
2026,5,401868359,2755,2016,,,2026-10-03T19:00:00.000Z,SWAC,false,,
2026,5,401868965,2400,2504,,,2026-10-03T19:00:00.000Z,SWAC,false,,
2026,5,401866652,311,2529,,,2026-10-03T19:30:00.000Z,Coastal Athletic,false,,
2026,5,401864515,2449,2751,,,2026-10-03T19:30:00.000Z,Mountain West,false,,
2026,5,401858247,2439,25,,,2026-10-03T19:30:00.000Z,Mountain West,false,,
2026,5,401862793,5,2535,,,2026-10-03T19:30:00.000Z,American Athletic,false,,
2026,5,401868339,2193,236,,,2026-10-03T19:30:00.000Z,Southern,false,,
2026,5,401868025,2729,107,,,2026-10-03T19:30:00.000Z,Patriot,false,,
2026,5,401866655,399,2169,,,2026-10-03T19:30:00.000Z,Coastal Athletic,false,,
2026,5,401868114,149,2458,,,2026-10-03T20:00:00.000Z,Big Sky,false,,
2026,5,401868328,2065,2011,,,2026-10-03T20:00:00.000Z,SWAC,false,,
2026,5,401868220,301,2166,,,2026-10-03T20:00:00.000Z,Pioneer,false,,
2026,5,401868197,2710,2634,,,2026-10-03T20:00:00.000Z,OVC,false,,
2026,5,401868295,2296,2010,,,2026-10-03T21:00:00.000Z,SWAC,false,,
2026,5,401868064,2046,2441,,,2026-10-03T21:00:00.000Z,UAC,false,,
2026,5,401867891,79,2754,,,2026-10-03T21:00:00.000Z,MVFC,false,,
2026,5,401860899,36,204,,,2026-10-03T22:00:00.000Z,Pac-12,false,,
2026,5,401862790,2226,2640,,,2026-10-03T22:00:00.000Z,American Athletic,false,,
2026,5,401868391,2717,2635,,,2026-10-03T22:00:00.000Z,Southern,false,,
2026,5,401866653,2803,2448,,,2026-10-03T22:00:00.000Z,Coastal Athletic,false,,
2026,5,401866657,2428,2097,,,2026-10-03T22:00:00.000Z,MEAC,false,,
2026,5,401868143,2198,2453,,,2026-10-03T22:00:00.000Z,UAC,false,,
2026,5,401868173,2127,2241,,,2026-10-03T22:00:00.000Z,OVC,false,,
2026,5,401868309,2617,2916,,,2026-10-03T22:00:00.000Z,Southland,false,,
2026,5,401868248,2837,292,,,2026-10-03T23:00:00.000Z,Southland,false,,
2026,5,401867688,2627,2130,,,2026-10-03T23:00:00.000Z,UAC,false,,
2026,5,401867840,108,2142,,,2026-10-03T23:00:00.000Z,Ivy,false,,
2026,5,401867848,2287,2571,,,2026-10-03T23:00:00.000Z,MVFC,false,,
2026,5,401869131,2320,2466,,,2026-10-03T23:00:00.000Z,Southland,false,,
2026,5,401868936,2582,2029,,,2026-10-03T23:00:00.000Z,SWAC,false,,
2026,5,401869151,2277,2447,,,2026-10-03T23:00:00.000Z,Southland,false,,
2026,5,401860898,68,328,,,2026-10-03T23:30:00.000Z,Pac-12,false,,
2026,5,401856706,99,2377,,,2026-10-03T23:45:00.000Z,SEC,false,,
2026,5,401868053,2000,110242,,,2026-10-04T00:00:00.000Z,UAC,false,,
2026,5,401868160,3101,253,,,2026-10-04T00:00:00.000Z,Big Sky,false,,
2026,5,401868104,304,2464,,,2026-10-04T00:00:00.000Z,Big Sky,false,,
2026,5,401868077,13,2692,,,2026-10-04T00:00:00.000Z,Big Sky,false,,
2026,5,401858477,164,84,,,2026-10-04T00:00:00.000Z,Big Ten,false,,
2026,5,401860921,265,278,,,2026-10-04T01:30:00.000Z,Pac-12,false,,
2026,5,401860900,21,326,,,2026-10-04T02:30:00.000Z,Pac-12,false,,
2026,5,401868086,302,331,,,2026-10-04T02:30:00.000Z,Big Sky,false,,
2026,5,401864513,62,23,,,2026-10-04T03:59:00.000Z,Mountain West,false,,
2026,6,401871090,2653,2572,,,2026-10-07T00:00:00.000Z,Sun Belt,false,,
2026,6,401871051,338,55,,,2026-10-07T23:00:00.000Z,Conference USA,false,,
2026,6,401871066,2229,166,,,2026-10-07T23:30:00.000Z,Conference USA,false,,
2026,6,401871052,98,2623,,,2026-10-08T23:00:00.000Z,Conference USA,false,,
2026,6,401870766,2335,2534,,,2026-10-08T23:00:00.000Z,Conference USA,false,,
2026,6,401869933,2032,6,,,2026-10-08T23:30:00.000Z,Sun Belt,false,,
2026,6,401862794,2636,58,,,2026-10-08T23:30:00.000Z,American Athletic,false,,
2026,6,401868265,2368,171,,,2026-10-09T23:00:00.000Z,Pioneer,false,,
2026,6,401858254,97,52,,,2026-10-09T23:00:00.000Z,ACC,false,,
2026,6,401860922,328,265,,,2026-10-10T01:00:00.000Z,Pac-12,false,,
2026,6,401858487,264,2294,,,2026-10-10T01:00:00.000Z,Big Ten,false,,
2026,6,401864519,23,2751,,,2026-10-10T01:00:00.000Z,Mountain West,false,,
2026,6,401856826,252,66,,,2026-10-10T02:15:00.000Z,Big 12,false,,
2026,6,401856712,333,61,,,2026-10-10T04:00:00.000Z,SEC,false,,
2026,6,401858258,258,183,,,2026-10-10T04:00:00.000Z,ACC,false,,
2026,6,401858260,152,154,,,2026-10-10T04:00:00.000Z,ACC,false,,
2026,6,401856713,8,2633,,,2026-10-10T04:00:00.000Z,SEC,false,,
2026,6,401856714,57,2579,,,2026-10-10T04:00:00.000Z,SEC,false,,
2026,6,401856715,96,99,,,2026-10-10T04:00:00.000Z,SEC,false,,
2026,6,401856716,142,245,,,2026-10-10T04:00:00.000Z,SEC,false,,
2026,6,401856718,238,145,,,2026-10-10T04:00:00.000Z,SEC,false,,
2026,6,401856808,9,62,,,2026-10-10T04:00:00.000Z,Big 12,false,,
2026,6,401856823,277,12,,,2026-10-10T04:00:00.000Z,Big 12,false,,
2026,6,401856824,197,2116,,,2026-10-10T04:00:00.000Z,Big 12,false,,
2026,6,401856825,2306,248,,,2026-10-10T04:00:00.000Z,Big 12,false,,
2026,6,401856827,254,2305,,,2026-10-10T04:00:00.000Z,Big 12,false,,
2026,6,401858255,59,150,,,2026-10-10T04:00:00.000Z,ACC,false,,
2026,6,401858256,221,153,,,2026-10-10T04:00:00.000Z,ACC,false,,
2026,6,401858259,25,259,,,2026-10-10T04:00:00.000Z,ACC,false,,
2026,6,401858480,127,356,,,2026-10-10T04:00:00.000Z,Big Ten,false,,
2026,6,401858481,158,84,,,2026-10-10T04:00:00.000Z,Big Ten,false,,
2026,6,401858482,77,2050,,,2026-10-10T04:00:00.000Z,Big Ten,false,,
2026,6,401858483,194,120,,,2026-10-10T04:00:00.000Z,Big Ten,false,,
2026,6,401858484,2483,26,,,2026-10-10T04:00:00.000Z,Big Ten,false,,
2026,6,401858485,213,30,,,2026-10-10T04:00:00.000Z,Big Ten,false,,
2026,6,401858486,2509,135,,,2026-10-10T04:00:00.000Z,Big Ten,false,,
2026,6,401861964,218,41,,,2026-10-10T04:00:00.000Z,American Athletic,false,,
2026,6,401862796,249,2429,,,2026-10-10T04:00:00.000Z,American Athletic,false,,
2026,6,401862797,151,242,,,2026-10-10T04:00:00.000Z,American Athletic,false,,
2026,6,401862798,235,5,,,2026-10-10T04:00:00.000Z,American Athletic,false,,
2026,6,401864517,2638,2440,,,2026-10-10T04:00:00.000Z,Mountain West,false,,
2026,6,401866436,189,16,,,2026-10-10T04:00:00.000Z,Mid-American,false,,
2026,6,401866437,2649,2084,,,2026-10-10T04:00:00.000Z,Mid-American,false,,
2026,6,401866439,2711,2309,,,2026-10-10T04:00:00.000Z,Mid-American,false,,
2026,6,401866440,113,193,,,2026-10-10T04:00:00.000Z,Mid-American,false,,
2026,6,401866438,195,2117,,,2026-10-10T04:00:00.000Z,Mid-American,false,,
2026,6,401869843,2026,295,,,2026-10-10T04:00:00.000Z,Sun Belt,false,,
2026,6,401869943,276,324,,,2026-10-10T04:00:00.000Z,Sun Belt,false,,
2026,6,401869949,290,256,,,2026-10-10T04:00:00.000Z,Sun Belt,false,,
2026,6,401869965,2348,309,,,2026-10-10T04:00:00.000Z,Sun Belt,false,,
2026,6,401867930,2681,163,,,2026-10-10T04:00:00.000Z,NEC,false,,
2026,6,401868229,2168,2413,,,2026-10-10T16:00:00.000Z,Pioneer,false,,
2026,6,401867919,2415,2523,,,2026-10-10T16:00:00.000Z,MEAC,false,,
2026,6,401867836,43,159,,,2026-10-10T16:00:00.000Z,Ivy,false,,
2026,6,401866658,2448,160,,,2026-10-10T16:00:00.000Z,Coastal Athletic,false,,
2026,6,401866660,2529,284,,,2026-10-10T16:00:00.000Z,Coastal Athletic,false,,
2026,6,401866662,225,2803,,,2026-10-10T16:00:00.000Z,Ivy,false,,
2026,6,401862795,349,2655,,,2026-10-10T16:00:00.000Z,American Athletic,false,,
2026,6,401867992,46,2083,,,2026-10-10T16:30:00.000Z,Patriot,false,,
2026,6,401868340,236,2535,,,2026-10-10T17:00:00.000Z,Southern,false,,
2026,6,401868212,2086,301,,,2026-10-10T17:00:00.000Z,Pioneer,false,,
2026,6,401867980,2428,2729,,,2026-10-10T17:00:00.000Z,MEAC,false,,
2026,6,401867911,2184,2341,,,2026-10-10T17:00:00.000Z,NEC,false,,
2026,6,401867860,282,2754,,,2026-10-10T17:00:00.000Z,MVFC,false,,
2026,6,401867829,172,108,,,2026-10-10T17:00:00.000Z,Ivy,false,,
2026,6,401867960,219,47,,,2026-10-10T17:00:00.000Z,Ivy,false,,
2026,6,401868256,2674,2181,,,2026-10-10T18:00:00.000Z,Pioneer,false,,
2026,6,401866661,2210,2747,,,2026-10-10T18:00:00.000Z,Coastal Athletic,false,,
2026,6,401867886,233,79,,,2026-10-10T18:00:00.000Z,MVFC,false,,
2026,6,401871473,2815,2546,,,2026-10-10T18:00:00.000Z,OVC,false,,
2026,6,401868282,2900,56,,,2026-10-10T18:00:00.000Z,Pioneer,false,,
2026,6,401868347,2643,2193,,,2026-10-10T18:00:00.000Z,Southern,false,,
2026,6,401868095,2692,70,,,2026-10-10T19:00:00.000Z,Big Sky,false,,
2026,6,401868966,2640,2400,,,2026-10-10T19:00:00.000Z,SWAC,false,,
2026,6,401868968,2504,2582,,,2026-10-10T19:00:00.000Z,SWAC,false,,
2026,6,401868382,2382,2717,,,2026-10-10T19:00:00.000Z,Southern,false,,
2026,6,401868180,2241,2197,,,2026-10-10T19:30:00.000Z,OVC,false,,
2026,6,401868376,2635,231,,,2026-10-10T19:30:00.000Z,Southern,false,,
2026,6,401862799,2426,202,,,2026-10-10T19:30:00.000Z,American Athletic,false,,
2026,6,401868011,2230,257,,,2026-10-10T19:30:00.000Z,Patriot,false,,
2026,6,401856717,201,251,,,2026-10-10T19:30:00.000Z,SEC,false,,
2026,6,401858257,87,24,,,2026-10-10T19:30:00.000Z,FBS Independents,false,,
2026,6,401868198,2634,2630,,,2026-10-10T19:30:00.000Z,OVC,false,,
2026,6,401866435,2006,2199,,,2026-10-10T19:30:00.000Z,Mid-American,false,,
2026,6,401868329,2011,50,,,2026-10-10T20:00:00.000Z,SWAC,false,,
2026,6,401869144,2320,2916,,,2026-10-10T20:00:00.000Z,Southland,false,,
2026,6,401868156,2502,3101,,,2026-10-10T20:00:00.000Z,Big Sky,false,,
2026,6,401866659,119,2619,,,2026-10-10T20:00:00.000Z,Coastal Athletic,false,,
2026,6,401868955,2755,2296,,,2026-10-10T21:00:00.000Z,SWAC,false,,
2026,6,401868115,2464,149,,,2026-10-10T21:00:00.000Z,Big Sky,false,,
2026,6,401867877,2460,155,,,2026-10-10T21:00:00.000Z,MVFC,false,,
2026,6,401868221,2506,2166,,,2026-10-10T21:30:00.000Z,Pioneer,false,,
2026,6,401868078,304,13,,,2026-10-10T22:00:00.000Z,Big Sky,false,,
2026,6,401860902,204,21,,,2026-10-10T22:00:00.000Z,Pac-12,false,,
2026,6,401867987,2127,2569,,,2026-10-10T22:00:00.000Z,OVC,false,,
2026,6,401868144,2198,2698,,,2026-10-10T22:00:00.000Z,UAC,false,,
2026,6,401868300,2010,2065,,,2026-10-10T23:00:00.000Z,SWAC,false,,
2026,6,401868065,2046,2627,,,2026-10-10T23:00:00.000Z,UAC,false,,
2026,6,401868087,331,2458,,,2026-10-10T23:00:00.000Z,Big Sky,false,,
2026,6,401864518,2439,2449,,,2026-10-10T23:00:00.000Z,Mountain West,false,,
2026,6,401864516,2459,2005,,,2026-10-10T23:30:00.000Z,Mountain West,false,,
2026,6,401868249,292,2545,,,2026-10-11T00:00:00.000Z,Southland,false,,
2026,6,401868054,2000,2110,,,2026-10-11T00:00:00.000Z,UAC,false,,
2026,6,401860901,278,68,,,2026-10-11T02:30:00.000Z,Pac-12,false,,
2026,7,401871067,2393,48,,,2026-10-13T23:00:00.000Z,Conference USA,false,,
2026,7,401871053,55,2229,,,2026-10-14T00:00:00.000Z,Conference USA,false,,
2026,7,401871054,2623,338,,,2026-10-14T23:30:00.000Z,Conference USA,false,,
2026,7,401871068,2534,98,,,2026-10-15T00:00:00.000Z,Conference USA,false,,
2026,7,401862800,5,151,,,2026-10-15T23:30:00.000Z,American Athletic,false,,
2026,7,401869950,295,290,,,2026-10-15T23:30:00.000Z,Sun Belt,false,,
2026,7,401860923,326,36,,,2026-10-16T00:00:00.000Z,Pac-12,false,,
2026,7,401867821,219,171,,,2026-10-16T23:00:00.000Z,Ivy,false,,
2026,7,401862801,2655,235,,,2026-10-16T23:30:00.000Z,American Athletic,false,,
2026,7,401869844,324,2026,,,2026-10-17T00:00:00.000Z,Sun Belt,false,,
2026,7,401858493,2509,264,,,2026-10-17T00:00:00.000Z,Big Ten,false,,
2026,7,401858268,2567,258,,,2026-10-17T04:00:00.000Z,ACC,false,,
2026,7,401858267,103,221,,,2026-10-17T04:00:00.000Z,ACC,false,,
2026,7,401858266,150,153,,,2026-10-17T04:00:00.000Z,ACC,false,,
2026,7,401858265,183,97,,,2026-10-17T04:00:00.000Z,ACC,false,,
2026,7,401858264,259,59,,,2026-10-17T04:00:00.000Z,ACC,false,,
2026,7,401858263,2390,52,,,2026-10-17T04:00:00.000Z,ACC,false,,
2026,7,401858261,228,2127,,,2026-10-17T04:00:00.000Z,ACC,false,,
2026,7,401856833,38,254,,,2026-10-17T04:00:00.000Z,Big 12,false,,
2026,7,401856832,239,2628,,,2026-10-17T04:00:00.000Z,Big 12,false,,
2026,7,401856831,248,197,,,2026-10-17T04:00:00.000Z,Big 12,false,,
2026,7,401856830,2306,2305,,,2026-10-17T04:00:00.000Z,Big 12,false,,
2026,7,401856829,277,2132,,,2026-10-17T04:00:00.000Z,Big 12,false,,
2026,7,401856828,2641,9,,,2026-10-17T04:00:00.000Z,Big 12,false,,
2026,7,401856809,252,87,,,2026-10-17T04:00:00.000Z,Big 12,false,,
2026,7,401856726,238,8,,,2026-10-17T04:00:00.000Z,SEC,false,,
2026,7,401867849,79,2287,,,2026-10-17T04:00:00.000Z,MVFC,false,,
2026,7,401856724,251,57,,,2026-10-17T04:00:00.000Z,SEC,false,,
2026,7,401856723,2633,333,,,2026-10-17T04:00:00.000Z,SEC,false,,
2026,7,401856722,201,96,,,2026-10-17T04:00:00.000Z,SEC,false,,
2026,7,401856721,145,142,,,2026-10-17T04:00:00.000Z,SEC,false,,
2026,7,401856720,99,344,,,2026-10-17T04:00:00.000Z,SEC,false,,
2026,7,401856719,61,2,,,2026-10-17T04:00:00.000Z,SEC,false,,
2026,7,401866444,2199,2649,,,2026-10-17T04:00:00.000Z,Mid-American,false,,
2026,7,401867912,2681,2341,,,2026-10-17T04:00:00.000Z,NEC,false,,
2026,7,401862803,218,2429,,,2026-10-17T04:00:00.000Z,American Athletic,false,,
2026,7,401862805,242,202,,,2026-10-17T04:00:00.000Z,American Athletic,false,,
2026,7,401862804,2636,2426,,,2026-10-17T04:00:00.000Z,American Athletic,false,,
2026,7,401862806,58,2309,,,2026-10-17T04:00:00.000Z,American Athletic,false,,
2026,7,401858492,2483,158,,,2026-10-17T04:00:00.000Z,Big Ten,false,,
2026,7,401858491,127,77,,,2026-10-17T04:00:00.000Z,Big Ten,false,,
2026,7,401858490,130,213,,,2026-10-17T04:00:00.000Z,Big Ten,false,,
2026,7,401858489,120,164,,,2026-10-17T04:00:00.000Z,Big Ten,false,,
2026,7,401858488,84,194,,,2026-10-17T04:00:00.000Z,Big Ten,false,,
2026,7,401858269,25,154,,,2026-10-17T04:00:00.000Z,ACC,false,,
2026,7,401866478,193,2006,,,2026-10-17T04:00:00.000Z,Mid-American,false,,
2026,7,401871091,2433,2348,,,2026-10-17T04:00:00.000Z,Sun Belt,false,,
2026,7,401869966,309,2653,,,2026-10-17T04:00:00.000Z,Sun Belt,false,,
2026,7,401869957,256,2247,,,2026-10-17T04:00:00.000Z,Sun Belt,false,,
2026,7,401869934,2572,2032,,,2026-10-17T04:00:00.000Z,Sun Belt,false,,
2026,7,401867901,2385,2115,,,2026-10-17T04:00:00.000Z,NEC,false,,
2026,7,401866441,189,2050,,,2026-10-17T04:00:00.000Z,Mid-American,false,,
2026,7,401864521,62,167,,,2026-10-17T04:00:00.000Z,Mountain West,false,,
2026,7,401866445,16,195,,,2026-10-17T04:00:00.000Z,Mid-American,false,,
2026,7,401866443,2117,2711,,,2026-10-17T04:00:00.000Z,Mid-American,false,,
2026,7,401866442,2084,113,,,2026-10-17T04:00:00.000Z,Mid-American,false,,
2026,7,401858494,26,275,,,2026-10-17T04:00:00.000Z,Big Ten,false,,
2026,7,401866669,43,227,,,2026-10-17T16:00:00.000Z,Ivy,false,,
2026,7,401867920,2523,2441,,,2026-10-17T16:00:00.000Z,NEC,false,,
2026,7,401867807,163,225,,,2026-10-17T16:00:00.000Z,Ivy,false,,
2026,7,401866668,2448,2130,,,2026-10-17T16:00:00.000Z,Coastal Athletic,false,,
2026,7,401866663,2529,2261,,,2026-10-17T16:00:00.000Z,Coastal Athletic,false,,
2026,7,401862802,349,2226,,,2026-10-17T16:00:00.000Z,American Athletic,false,,
2026,7,401867837,159,2771,,,2026-10-17T17:00:00.000Z,Ivy,false,,
2026,7,401866664,311,2803,,,2026-10-17T17:00:00.000Z,Coastal Athletic,false,,
2026,7,401866665,160,2405,,,2026-10-17T17:00:00.000Z,Coastal Athletic,false,,
2026,7,401867841,108,107,,,2026-10-17T17:00:00.000Z,Ivy,false,,
2026,7,401867925,284,2184,,,2026-10-17T17:00:00.000Z,NEC,false,,
2026,7,401868002,2142,46,,,2026-10-17T17:00:00.000Z,Patriot,false,,
2026,7,401868213,2086,2168,,,2026-10-17T17:00:00.000Z,Pioneer,false,,
2026,7,401868222,2166,2413,,,2026-10-17T17:00:00.000Z,Pioneer,false,,
2026,7,401868257,2181,2368,,,2026-10-17T17:00:00.000Z,Pioneer,false,,
2026,7,401869132,2466,2377,,,2026-10-17T17:00:00.000Z,Southland,false,,
2026,7,401856725,245,2643,,,2026-10-17T17:00:00.000Z,SEC,false,,
2026,7,401868398,2747,2678,,,2026-10-17T17:30:00.000Z,Southern,false,,
2026,7,401867830,172,2329,,,2026-10-17T18:00:00.000Z,Ivy,false,,
2026,7,401867878,155,2571,,,2026-10-17T18:00:00.000Z,MVFC,false,,
2026,7,401868066,2698,2046,,,2026-10-17T18:00:00.000Z,UAC,false,,
2026,7,401868277,56,2506,,,2026-10-17T18:00:00.000Z,Pioneer,false,,
2026,7,401868145,2635,2198,,,2026-10-17T18:30:00.000Z,Southern,false,,
2026,7,401866666,2619,399,,,2026-10-17T18:30:00.000Z,Coastal Athletic,false,,
2026,7,401868105,2692,304,,,2026-10-17T19:00:00.000Z,Big Sky,false,,
2026,7,401868943,2400,2065,,,2026-10-17T19:00:00.000Z,SWAC,false,,
2026,7,401868361,2504,2016,,,2026-10-17T19:00:00.000Z,SWAC,false,,
2026,7,401868330,2029,2011,,,2026-10-17T19:00:00.000Z,SWAC,false,,
2026,7,401868301,2010,2755,,,2026-10-17T19:00:00.000Z,SWAC,false,,
2026,7,401868207,2546,2710,,,2026-10-17T19:00:00.000Z,OVC,false,,
2026,7,401868189,2630,2241,,,2026-10-17T19:00:00.000Z,OVC,false,,
2026,7,401868181,2197,2815,,,2026-10-17T19:00:00.000Z,OVC,false,,
2026,7,401868096,149,70,,,2026-10-17T19:00:00.000Z,Big Sky,false,,
2026,7,401867993,2083,322,,,2026-10-17T19:00:00.000Z,Patriot,false,,
2026,7,401868949,2296,50,,,2026-10-17T19:00:00.000Z,SWAC,false,,
2026,7,401868012,2230,222,,,2026-10-17T19:30:00.000Z,Patriot,false,,
2026,7,401866667,2097,119,,,2026-10-17T19:30:00.000Z,Coastal Athletic,false,,
2026,7,401864522,2751,2459,,,2026-10-17T19:30:00.000Z,Mountain West,false,,
2026,7,401864524,2005,2439,,,2026-10-17T19:30:00.000Z,Mountain West,false,,
2026,7,401868289,301,2674,,,2026-10-17T20:00:00.000Z,Pioneer,false,,
2026,7,401868310,2447,2617,,,2026-10-17T20:00:00.000Z,Southland,false,,
2026,7,401867870,93,233,,,2026-10-17T21:00:00.000Z,MVFC,false,,
2026,7,401860903,204,265,,,2026-10-17T22:00:00.000Z,Pac-12,false,,
2026,7,401867897,2754,2460,,,2026-10-17T22:00:00.000Z,MVFC,false,,
2026,7,401867968,2634,2415,,,2026-10-17T22:30:00.000Z,OVC,false,,
2026,7,401868125,2464,2502,,,2026-10-17T23:00:00.000Z,Big Sky,false,,
2026,7,401868088,331,147,,,2026-10-17T23:00:00.000Z,Big Sky,false,,
2026,7,401868055,2453,2000,,,2026-10-17T23:00:00.000Z,UAC,false,,
2026,7,401868383,2535,2382,,,2026-10-17T23:00:00.000Z,Southern,false,,
2026,7,401864520,2449,2440,,,2026-10-17T23:00:00.000Z,Mountain West,false,,
2026,7,401869152,2277,2837,,,2026-10-17T23:00:00.000Z,Southland,false,,
2026,7,401868250,2916,292,,,2026-10-17T23:00:00.000Z,Southland,false,,
2026,7,401868134,2627,2110,,,2026-10-17T23:00:00.000Z,UAC,false,,
2026,7,401868319,2545,2320,,,2026-10-17T23:00:00.000Z,Southland,false,,
2026,7,401858262,24,2210,,,2026-10-17T23:30:00.000Z,ACC,false,,
2026,7,401868079,2458,13,,,2026-10-18T00:00:00.000Z,Big Sky,false,,
2026,7,401868161,253,302,,,2026-10-18T00:00:00.000Z,Big Sky,false,,
2026,7,401864523,2638,23,,,2026-10-18T01:00:00.000Z,Mountain West,false,,
2026,7,401860904,21,278,,,2026-10-18T02:30:00.000Z,Pac-12,false,,
2026,8,401871055,2229,2393,,,2026-10-20T23:00:00.000Z,Conference USA,false,,
2026,8,401871069,48,2623,,,2026-10-20T23:00:00.000Z,Conference USA,false,,
2026,8,401871092,276,6,,,2026-10-20T23:30:00.000Z,Sun Belt,false,,
2026,8,401871070,2534,166,,,2026-10-22T00:00:00.000Z,Conference USA,false,,
2026,8,401869845,2026,256,,,2026-10-22T23:00:00.000Z,Sun Belt,false,,
2026,8,401871056,338,2335,,,2026-10-22T23:00:00.000Z,Conference USA,false,,
2026,8,401862807,235,151,,,2026-10-22T23:30:00.000Z,American Athletic,false,,
2026,8,401867955,2169,2428,,,2026-10-23T21:00:00.000Z,MEAC,false,,
2026,8,401870841,219,43,,,2026-10-23T23:00:00.000Z,Ivy,false,,
2026,8,401858271,258,150,,,2026-10-23T23:00:00.000Z,ACC,false,,
2026,8,401861965,41,113,,,2026-10-23T23:00:00.000Z,FBS Independents,false,,
2026,8,401862808,202,349,,,2026-10-24T00:30:00.000Z,American Athletic,false,,
2026,8,401864525,2751,2005,,,2026-10-24T01:00:00.000Z,Mountain West,false,,
2026,8,401858272,24,152,,,2026-10-24T02:30:00.000Z,ACC,false,,
2026,8,401856727,333,245,,,2026-10-24T04:00:00.000Z,SEC,false,,
2026,8,401866674,2771,160,,,2026-10-24T04:00:00.000Z,FCS Independents,false,,
2026,8,401867913,2341,284,,,2026-10-24T04:00:00.000Z,NEC,false,,
2026,8,401871094,2653,2433,,,2026-10-24T04:00:00.000Z,Sun Belt,false,,
2026,8,401871093,2348,295,,,2026-10-24T04:00:00.000Z,Sun Belt,false,,
2026,8,401869967,2572,309,,,2026-10-24T04:00:00.000Z,Sun Belt,false,,
2026,8,401866449,195,2199,,,2026-10-24T04:00:00.000Z,Mid-American,false,,
2026,8,401866476,2117,193,,,2026-10-24T04:00:00.000Z,Mid-American,false,,
2026,8,401866450,2649,2711,,,2026-10-24T04:00:00.000Z,Mid-American,false,,
2026,8,401866448,2084,189,,,2026-10-24T04:00:00.000Z,Mid-American,false,,
2026,8,401866447,2050,16,,,2026-10-24T04:00:00.000Z,Mid-American,false,,
2026,8,401866446,2309,2006,,,2026-10-24T04:00:00.000Z,Mid-American,false,,
2026,8,401864526,2459,62,,,2026-10-24T04:00:00.000Z,Mountain West,false,,
2026,8,401862811,2655,2636,,,2026-10-24T04:00:00.000Z,American Athletic,false,,
2026,8,401862809,2226,242,,,2026-10-24T04:00:00.000Z,American Athletic,false,,
2026,8,401858500,275,30,,,2026-10-24T04:00:00.000Z,Big Ten,false,,
2026,8,401858499,26,127,,,2026-10-24T04:00:00.000Z,Big Ten,false,,
2026,8,401858498,77,164,,,2026-10-24T04:00:00.000Z,Big Ten,false,,
2026,8,401858497,135,2294,,,2026-10-24T04:00:00.000Z,Big Ten,false,,
2026,8,401858496,130,84,,,2026-10-24T04:00:00.000Z,Big Ten,false,,
2026,8,401858495,356,2483,,,2026-10-24T04:00:00.000Z,Big Ten,false,,
2026,8,401858276,228,259,,,2026-10-24T04:00:00.000Z,ACC,false,,
2026,8,401858274,2390,221,,,2026-10-24T04:00:00.000Z,ACC,false,,
2026,8,401858273,59,103,,,2026-10-24T04:00:00.000Z,ACC,false,,
2026,8,401856840,2132,2641,,,2026-10-24T04:00:00.000Z,Big 12,false,,
2026,8,401856839,9,2306,,,2026-10-24T04:00:00.000Z,Big 12,false,,
2026,8,401856838,12,66,,,2026-10-24T04:00:00.000Z,Big 12,false,,
2026,8,401856837,254,248,,,2026-10-24T04:00:00.000Z,Big 12,false,,
2026,8,401856836,197,38,,,2026-10-24T04:00:00.000Z,Big 12,false,,
2026,8,401856835,2116,252,,,2026-10-24T04:00:00.000Z,Big 12,false,,
2026,8,401856834,2305,239,,,2026-10-24T04:00:00.000Z,Big 12,false,,
2026,8,401856732,251,145,,,2026-10-24T04:00:00.000Z,SEC,false,,
2026,8,401856731,2579,2633,,,2026-10-24T04:00:00.000Z,SEC,false,,
2026,8,401856730,344,201,,,2026-10-24T04:00:00.000Z,SEC,false,,
2026,8,401856729,96,238,,,2026-10-24T04:00:00.000Z,SEC,false,,
2026,8,401856841,2628,277,,,2026-10-24T04:00:00.000Z,Big 12,false,,
2026,8,401858270,2567,25,,,2026-10-24T04:00:00.000Z,ACC,false,,
2026,8,401858275,153,183,,,2026-10-24T04:00:00.000Z,ACC,false,,
2026,8,401867808,225,172,,,2026-10-24T16:00:00.000Z,Ivy,false,,
2026,8,401867902,2115,2441,,,2026-10-24T16:00:00.000Z,NEC,false,,
2026,8,401867931,2184,2681,,,2026-10-24T16:00:00.000Z,NEC,false,,
2026,8,401868230,2168,301,,,2026-10-24T16:00:00.000Z,Pioneer,false,,
2026,8,401868266,2368,2900,,,2026-10-24T16:00:00.000Z,Pioneer,false,,
2026,8,401856728,2,99,,,2026-10-24T16:00:00.000Z,SEC,false,,
2026,8,401866670,227,399,,,2026-10-24T16:00:00.000Z,Coastal Athletic,false,,
2026,8,401868944,2065,2296,,,2026-10-24T17:00:00.000Z,SWAC,false,,
2026,8,401868214,2181,2086,,,2026-10-24T17:00:00.000Z,Pioneer,false,,
2026,8,401868013,2230,322,,,2026-10-24T17:00:00.000Z,Patriot,false,,
2026,8,401867994,107,2083,,,2026-10-24T17:00:00.000Z,Patriot,false,,
2026,8,401866671,311,2097,,,2026-10-24T17:00:00.000Z,Coastal Athletic,false,,
2026,8,401868278,2674,2506,,,2026-10-24T17:00:00.000Z,Pioneer,false,,
2026,8,401868348,2678,2193,,,2026-10-24T17:30:00.000Z,Southern,false,,
2026,8,401867975,2569,2450,,,2026-10-24T17:30:00.000Z,MEAC,false,,
2026,8,401867822,171,159,,,2026-10-24T17:30:00.000Z,Ivy,false,,
2026,8,401868003,257,2142,,,2026-10-24T18:00:00.000Z,Patriot,false,,
2026,8,401867921,2523,2385,,,2026-10-24T18:00:00.000Z,NEC,false,,
2026,8,401867892,79,2460,,,2026-10-24T18:00:00.000Z,MVFC,false,,
2026,8,401867879,233,155,,,2026-10-24T18:00:00.000Z,MVFC,false,,
2026,8,401866673,2261,2405,,,2026-10-24T18:00:00.000Z,Coastal Athletic,false,,
2026,8,401866672,2803,2619,,,2026-10-24T18:00:00.000Z,Coastal Athletic,false,,
2026,8,401868271,2413,56,,,2026-10-24T18:00:00.000Z,Pioneer,false,,
2026,8,401868392,2643,2635,,,2026-10-24T18:00:00.000Z,Southern,false,,
2026,8,401868238,2698,2627,,,2026-10-24T18:00:00.000Z,UAC,false,,
2026,8,401868377,231,2535,,,2026-10-24T18:00:00.000Z,Southern,false,,
2026,8,401868341,2717,236,,,2026-10-24T18:30:00.000Z,Southern,false,,
2026,8,401867962,2415,47,,,2026-10-24T19:00:00.000Z,MEAC,false,,
2026,8,401868972,2640,2582,,,2026-10-24T19:00:00.000Z,SWAC,false,,
2026,8,401869133,2466,2447,,,2026-10-24T19:00:00.000Z,Southland,false,,
2026,8,401868937,50,2029,,,2026-10-24T19:00:00.000Z,SWAC,false,,
2026,8,401868182,2197,2546,,,2026-10-24T19:00:00.000Z,OVC,false,,
2026,8,401868146,2198,110242,,,2026-10-24T19:00:00.000Z,UAC,false,,
2026,8,401868121,147,2692,,,2026-10-24T19:00:00.000Z,Big Sky,false,,
2026,8,401867871,2571,93,,,2026-10-24T19:00:00.000Z,MVFC,false,,
2026,8,401867850,2287,282,,,2026-10-24T19:00:00.000Z,MVFC,false,,
2026,8,401867842,108,163,,,2026-10-24T19:00:00.000Z,Ivy,false,,
2026,8,401867689,2815,2130,,,2026-10-24T19:00:00.000Z,OVC,false,,
2026,8,401868019,2729,46,,,2026-10-24T19:30:00.000Z,Patriot,false,,
2026,8,401868035,222,2329,,,2026-10-24T19:30:00.000Z,Patriot,false,,
2026,8,401868174,2634,2127,,,2026-10-24T19:30:00.000Z,OVC,false,,
2026,8,401862810,2426,249,,,2026-10-24T19:30:00.000Z,American Athletic,false,,
2026,8,401869145,2320,2277,,,2026-10-24T20:00:00.000Z,Southland,false,,
2026,8,401868201,2710,2630,,,2026-10-24T20:00:00.000Z,OVC,false,,
2026,8,401869138,2916,2377,,,2026-10-24T21:00:00.000Z,Southland,false,,
2026,8,401868080,13,3101,,,2026-10-24T21:00:00.000Z,Big Sky,false,,
2026,8,401868097,70,253,,,2026-10-24T21:00:00.000Z,Big Sky,false,,
2026,8,401868135,2110,292,,,2026-10-24T21:00:00.000Z,UAC,false,,
2026,8,401864528,2440,23,,,2026-10-24T21:00:00.000Z,Mountain West,false,,
2026,8,401860907,265,68,,,2026-10-24T22:00:00.000Z,Pac-12,false,,
2026,8,401868311,2617,2545,,,2026-10-24T22:00:00.000Z,Southland,false,,
2026,8,401868106,304,2502,,,2026-10-24T22:00:00.000Z,Big Sky,false,,
2026,8,401860905,36,21,,,2026-10-24T22:30:00.000Z,Pac-12,false,,
2026,8,401869935,2032,2247,,,2026-10-24T23:00:00.000Z,Sun Belt,false,,
2026,8,401868969,2837,2504,,,2026-10-24T23:00:00.000Z,Southland,false,,
2026,8,401868132,302,2458,,,2026-10-24T23:00:00.000Z,Big Sky,false,,
2026,8,401868067,2453,2046,,,2026-10-24T23:00:00.000Z,UAC,false,,
2026,8,401860906,326,328,,,2026-10-24T23:30:00.000Z,Pac-12,false,,
2026,8,401864527,167,2449,,,2026-10-25T02:00:00.000Z,Mountain West,false,,
2026,9,401871071,98,48,,,2026-10-27T23:00:00.000Z,Conference USA,false,,
2026,9,401871072,2623,2534,,,2026-10-28T00:00:00.000Z,Conference USA,false,,
2026,9,401871058,2393,338,,,2026-10-28T23:00:00.000Z,Conference USA,false,,
2026,9,401871057,166,55,,,2026-10-29T00:00:00.000Z,Conference USA,false,,
2026,9,401867969,2415,2569,,,2026-10-29T23:00:00.000Z,MEAC,false,,
2026,9,401869963,256,2653,,,2026-10-29T23:30:00.000Z,Sun Belt,false,,
2026,9,401862812,249,2226,,,2026-10-29T23:30:00.000Z,American Athletic,false,,
2026,9,401862813,2429,2655,,,2026-10-30T23:00:00.000Z,American Athletic,false,,
2026,9,401867838,159,108,,,2026-10-30T23:00:00.000Z,Ivy,false,,
2026,9,401856844,2116,239,,,2026-10-30T23:30:00.000Z,Big 12,false,,
2026,9,401866451,16,2309,,,2026-10-31T02:30:00.000Z,Mid-American,false,,
2026,9,401856737,251,344,,,2026-10-31T04:00:00.000Z,SEC,false,,
2026,9,401856842,2641,12,,,2026-10-31T04:00:00.000Z,Big 12,false,,
2026,9,401856843,252,9,,,2026-10-31T04:00:00.000Z,Big 12,false,,
2026,9,401856846,38,2306,,,2026-10-31T04:00:00.000Z,Big 12,false,,
2026,9,401856845,2628,2305,,,2026-10-31T04:00:00.000Z,Big 12,false,,
2026,9,401856847,66,197,,,2026-10-31T04:00:00.000Z,Big 12,false,,
2026,9,401856848,2132,254,,,2026-10-31T04:00:00.000Z,Big 12,false,,
2026,9,401858279,150,103,,,2026-10-31T04:00:00.000Z,ACC,false,,
2026,9,401858281,221,59,,,2026-10-31T04:00:00.000Z,ACC,false,,
2026,9,401858280,52,228,,,2026-10-31T04:00:00.000Z,ACC,false,,
2026,9,401858282,153,2390,,,2026-10-31T04:00:00.000Z,ACC,false,,
2026,9,401862816,58,5,,,2026-10-31T04:00:00.000Z,American Athletic,false,,
2026,9,401862815,151,218,,,2026-10-31T04:00:00.000Z,American Athletic,false,,
2026,9,401862814,235,349,,,2026-10-31T04:00:00.000Z,American Athletic,false,,
2026,9,401858283,97,24,,,2026-10-31T04:00:00.000Z,ACC,false,,
2026,9,401858509,30,194,,,2026-10-31T04:00:00.000Z,Big Ten,false,,
2026,9,401858508,26,2440,,,2026-10-31T04:00:00.000Z,Big Ten,false,,
2026,9,401858507,164,130,,,2026-10-31T04:00:00.000Z,Big Ten,false,,
2026,9,401858506,213,2509,,,2026-10-31T04:00:00.000Z,Big Ten,false,,
2026,9,401858505,2483,77,,,2026-10-31T04:00:00.000Z,Big Ten,false,,
2026,9,401858504,158,264,,,2026-10-31T04:00:00.000Z,Big Ten,false,,
2026,9,401858503,120,356,,,2026-10-31T04:00:00.000Z,Big Ten,false,,
2026,9,401858502,2294,275,,,2026-10-31T04:00:00.000Z,Big Ten,false,,
2026,9,401871097,6,2348,,,2026-10-31T04:00:00.000Z,Sun Belt,false,,
2026,9,401858501,84,135,,,2026-10-31T04:00:00.000Z,Big Ten,false,,
2026,9,401871095,2433,2572,,,2026-10-31T04:00:00.000Z,Sun Belt,false,,
2026,9,401869944,2247,324,,,2026-10-31T04:00:00.000Z,Sun Belt,false,,
2026,9,401869846,290,2026,,,2026-10-31T04:00:00.000Z,Sun Belt,false,,
2026,9,401864529,23,167,,,2026-10-31T04:00:00.000Z,Mountain West,false,,
2026,9,401858277,152,25,,,2026-10-31T04:00:00.000Z,ACC,false,,
2026,9,401858284,154,258,,,2026-10-31T04:00:00.000Z,ACC,false,,
2026,9,401860924,278,204,,,2026-10-31T04:00:00.000Z,Pac-12,false,,
2026,9,401856733,8,142,,,2026-10-31T04:00:00.000Z,SEC,false,,
2026,9,401858278,183,2567,,,2026-10-31T04:00:00.000Z,ACC,false,,
2026,9,401856735,145,2,,,2026-10-31T04:00:00.000Z,SEC,false,,
2026,9,401856736,201,2579,,,2026-10-31T04:00:00.000Z,SEC,false,,
2026,9,401871096,295,276,,,2026-10-31T04:00:00.000Z,Sun Belt,false,,
2026,9,401867903,2115,2523,,,2026-10-31T04:00:00.000Z,NEC,false,,
2026,9,401867887,2571,233,,,2026-10-31T04:00:00.000Z,MVFC,false,,
2026,9,401866675,399,2097,,,2026-10-31T16:00:00.000Z,Coastal Athletic,false,,
2026,9,401867932,2771,2681,,,2026-10-31T16:00:00.000Z,FCS Independents,false,,
2026,9,401866677,2619,2529,,,2026-10-31T16:00:00.000Z,Coastal Athletic,false,,
2026,9,401866676,227,311,,,2026-10-31T16:00:00.000Z,Coastal Athletic,false,,
2026,9,401859185,2426,87,,,2026-10-31T16:00:00.000Z,American Athletic,false,,
2026,9,401867880,2754,155,,,2026-10-31T16:00:00.000Z,MVFC,false,,
2026,9,401867823,171,43,,,2026-10-31T16:00:00.000Z,Ivy,false,,
2026,9,401867809,225,219,,,2026-10-31T16:00:00.000Z,Ivy,false,,
2026,9,401866452,2711,189,,,2026-10-31T16:00:00.000Z,Mid-American,false,,
2026,9,401869154,2441,2184,,,2026-10-31T16:00:00.000Z,NEC,false,,
2026,9,401867995,2329,2083,,,2026-10-31T16:00:00.000Z,Patriot,false,,
2026,9,401867926,284,2385,,,2026-10-31T16:00:00.000Z,NEC,false,,
2026,9,401868030,322,222,,,2026-10-31T16:30:00.000Z,Patriot,false,,
2026,9,401868231,56,2168,,,2026-10-31T17:00:00.000Z,Pioneer,false,,
2026,9,401868215,2506,2086,,,2026-10-31T17:00:00.000Z,Pioneer,false,,
2026,9,401866680,119,2261,,,2026-10-31T17:00:00.000Z,Coastal Athletic,false,,
2026,9,401866678,2405,2803,,,2026-10-31T17:00:00.000Z,Coastal Athletic,false,,
2026,9,401868258,2413,2181,,,2026-10-31T17:00:00.000Z,Pioneer,false,,
2026,9,401868342,236,2678,,,2026-10-31T17:00:00.000Z,Southern,false,,
2026,9,401866679,2448,2210,,,2026-10-31T17:00:00.000Z,Coastal Athletic,false,,
2026,9,401867831,163,172,,,2026-10-31T17:00:00.000Z,Ivy,false,,
2026,9,401868004,2142,2729,,,2026-10-31T17:00:00.000Z,Patriot,false,,
2026,9,401868026,107,257,,,2026-10-31T17:00:00.000Z,Patriot,false,,
2026,9,401867861,2460,282,,,2026-10-31T18:00:00.000Z,MVFC,false,,
2026,9,401867963,2428,47,,,2026-10-31T18:00:00.000Z,MEAC,false,,
2026,9,401868175,2127,2710,,,2026-10-31T18:00:00.000Z,OVC,false,,
2026,9,401868190,2546,2241,,,2026-10-31T18:00:00.000Z,OVC,false,,
2026,9,401868199,2815,2634,,,2026-10-31T18:00:00.000Z,OVC,false,,
2026,9,401868223,2900,2166,,,2026-10-31T18:00:00.000Z,Pioneer,false,,
2026,9,401868378,231,2717,,,2026-10-31T18:00:00.000Z,Southern,false,,
2026,9,401867956,2450,2169,,,2026-10-31T18:00:00.000Z,MEAC,false,,
2026,9,401867851,2287,93,,,2026-10-31T18:00:00.000Z,MVFC,false,,
2026,9,401868081,147,13,,,2026-10-31T19:00:00.000Z,Big Sky,false,,
2026,9,401868312,2617,2277,,,2026-10-31T19:00:00.000Z,Southland,false,,
2026,9,401868362,2400,2016,,,2026-10-31T19:00:00.000Z,SWAC,false,,
2026,9,401861966,2005,41,,,2026-10-31T19:00:00.000Z,Mountain West,false,,
2026,9,401869139,2377,2447,,,2026-10-31T19:00:00.000Z,Southland,false,,
2026,9,401868950,50,2582,,,2026-10-31T19:00:00.000Z,SWAC,false,,
2026,9,401868938,2029,2065,,,2026-10-31T19:00:00.000Z,SWAC,false,,
2026,9,401868384,2382,2643,,,2026-10-31T19:00:00.000Z,Southern,false,,
2026,9,401868183,2630,2197,,,2026-10-31T19:00:00.000Z,OVC,false,,
2026,9,401868165,2692,302,,,2026-10-31T19:00:00.000Z,Big Sky,false,,
2026,9,401868126,253,2464,,,2026-10-31T19:00:00.000Z,Big Sky,false,,
2026,9,401868107,3101,304,,,2026-10-31T19:00:00.000Z,Big Sky,false,,
2026,9,401868296,2010,2011,,,2026-10-31T19:30:00.000Z,SWAC,false,,
2026,9,401868349,2193,2635,,,2026-10-31T19:30:00.000Z,Southern,false,,
2026,9,401856734,61,57,,,2026-10-31T19:30:00.000Z,SEC,false,,
2026,9,401864531,2449,2638,,,2026-10-31T19:30:00.000Z,Mountain West,false,,
2026,9,401860910,328,36,,,2026-10-31T19:30:00.000Z,Pac-12,false,,
2026,9,401871059,2335,2229,,,2026-10-31T19:30:00.000Z,Conference USA,false,,
2026,9,401868320,2837,2545,,,2026-10-31T20:00:00.000Z,Southland,false,,
2026,9,401868089,331,149,,,2026-10-31T20:00:00.000Z,Big Sky,false,,
2026,9,401868267,301,2368,,,2026-10-31T20:00:00.000Z,Pioneer,false,,
2026,9,401868056,2000,2698,,,2026-10-31T20:00:00.000Z,UAC,false,,
2026,9,401868098,2502,70,,,2026-10-31T20:00:00.000Z,Big Sky,false,,
2026,9,401868136,2110,2453,,,2026-10-31T21:00:00.000Z,UAC,false,,
2026,9,401869134,2916,2466,,,2026-10-31T21:00:00.000Z,Southland,false,,
2026,9,401868388,2535,2747,,,2026-10-31T23:00:00.000Z,Southern,false,,
2026,9,401860909,21,265,,,2026-10-31T23:00:00.000Z,Pac-12,false,,
2026,9,401868147,2627,2198,,,2026-10-31T23:00:00.000Z,UAC,false,,
2026,9,401868251,292,2320,,,2026-11-01T00:00:00.000Z,Southland,false,,
2026,9,401868956,2640,2755,,,2026-11-01T00:30:00.000Z,SWAC,false,,
2026,9,401860908,68,326,,,2026-11-01T02:00:00.000Z,Pac-12,false,,
2026,9,401864530,2439,2459,,,2026-11-01T02:30:00.000Z,Mountain West,false,,
2026,10,401866454,193,2084,,,2026-11-04T00:00:00.000Z,Mid-American,false,,
2026,10,401866453,2006,195,,,2026-11-04T00:00:00.000Z,Mid-American,false,,
2026,10,401866455,113,2050,,,2026-11-04T05:00:00.000Z,Mid-American,false,,
2026,10,401866457,16,2649,,,2026-11-04T05:00:00.000Z,Mid-American,false,,
2026,10,401866456,2199,2117,,,2026-11-04T05:00:00.000Z,Mid-American,false,,
2026,10,401867964,47,2569,,,2026-11-05T22:00:00.000Z,MEAC,false,,
2026,10,401862817,2226,2636,,,2026-11-06T01:00:00.000Z,American Athletic,false,,
2026,10,401869964,2572,256,,,2026-11-06T01:00:00.000Z,Sun Belt,false,,
2026,10,401858288,2567,259,,,2026-11-07T00:00:00.000Z,ACC,false,,
2026,10,401862818,151,58,,,2026-11-07T00:30:00.000Z,American Athletic,false,,
2026,10,401858510,356,158,,,2026-11-07T01:00:00.000Z,Big Ten,false,,
2026,10,401864533,2440,167,,,2026-11-07T02:00:00.000Z,Mountain West,false,,
2026,10,401856855,12,2628,,,2026-11-07T03:15:00.000Z,Big 12,false,,
2026,10,401867933,2385,2681,,,2026-11-07T05:00:00.000Z,NEC,false,,
2026,10,401858289,103,52,,,2026-11-07T05:00:00.000Z,ACC,false,,
2026,10,401869968,309,6,,,2026-11-07T05:00:00.000Z,Sun Belt,false,,
2026,10,401871098,2653,2348,,,2026-11-07T05:00:00.000Z,Sun Belt,false,,
2026,10,401856856,2641,277,,,2026-11-07T05:00:00.000Z,Big 12,false,,
2026,10,401869951,290,276,,,2026-11-07T05:00:00.000Z,Sun Belt,false,,
2026,10,401862819,5,2429,,,2026-11-07T05:00:00.000Z,American Athletic,false,,
2026,10,401862822,2655,202,,,2026-11-07T05:00:00.000Z,American Athletic,false,,
2026,10,401862821,249,242,,,2026-11-07T05:00:00.000Z,American Athletic,false,,
2026,10,401869945,324,295,,,2026-11-07T05:00:00.000Z,Sun Belt,false,,
2026,10,401869927,2026,2247,,,2026-11-07T05:00:00.000Z,Sun Belt,false,,
2026,10,401858517,275,164,,,2026-11-07T05:00:00.000Z,Big Ten,false,,
2026,10,401856742,344,238,,,2026-11-07T05:00:00.000Z,SEC,false,,
2026,10,401858511,130,127,,,2026-11-07T05:00:00.000Z,Big Ten,false,,
2026,10,401858512,135,26,,,2026-11-07T05:00:00.000Z,Big Ten,false,,
2026,10,401864534,23,2459,,,2026-11-07T05:00:00.000Z,Mountain West,false,,
2026,10,401858516,264,213,,,2026-11-07T05:00:00.000Z,Big Ten,false,,
2026,10,401856854,2306,197,,,2026-11-07T05:00:00.000Z,Big 12,false,,
2026,10,401858513,77,2294,,,2026-11-07T05:00:00.000Z,Big Ten,false,,
2026,10,401858515,2509,120,,,2026-11-07T05:00:00.000Z,Big Ten,false,,
2026,10,401856853,239,66,,,2026-11-07T05:00:00.000Z,Big 12,false,,
2026,10,401856852,9,38,,,2026-11-07T05:00:00.000Z,Big 12,false,,
2026,10,401856851,248,2132,,,2026-11-07T05:00:00.000Z,Big 12,false,,
2026,10,401864532,2638,62,,,2026-11-07T05:00:00.000Z,Mountain West,false,,
2026,10,401856850,2305,2116,,,2026-11-07T05:00:00.000Z,Big 12,false,,
2026,10,401858286,152,150,,,2026-11-07T05:00:00.000Z,ACC,false,,
2026,10,401856849,254,252,,,2026-11-07T05:00:00.000Z,Big 12,false,,
2026,10,401858285,183,228,,,2026-11-07T05:00:00.000Z,ACC,false,,
2026,10,401858287,59,97,,,2026-11-07T05:00:00.000Z,ACC,false,,
2026,10,401856745,2633,96,,,2026-11-07T05:00:00.000Z,SEC,false,,
2026,10,401858514,194,2483,,,2026-11-07T05:00:00.000Z,Big Ten,false,,
2026,10,401856744,2579,245,,,2026-11-07T05:00:00.000Z,SEC,false,,
2026,10,401856743,142,251,,,2026-11-07T05:00:00.000Z,SEC,false,,
2026,10,401856738,2,8,,,2026-11-07T05:00:00.000Z,SEC,false,,
2026,10,401856739,57,201,,,2026-11-07T05:00:00.000Z,SEC,false,,
2026,10,401856740,99,333,,,2026-11-07T05:00:00.000Z,SEC,false,,
2026,10,401856741,145,61,,,2026-11-07T05:00:00.000Z,SEC,false,,
2026,10,401866682,2529,119,,,2026-11-07T17:00:00.000Z,Coastal Athletic,false,,
2026,10,401868005,2329,2142,,,2026-11-07T17:00:00.000Z,Patriot,false,,
2026,10,401868232,2168,2674,,,2026-11-07T17:00:00.000Z,Pioneer,false,,
2026,10,401868268,2368,2413,,,2026-11-07T17:00:00.000Z,Pioneer,false,,
2026,10,401866681,2405,2448,,,2026-11-07T17:00:00.000Z,Coastal Athletic,false,,
2026,10,401867914,2441,2341,,,2026-11-07T17:00:00.000Z,NEC,false,,
2026,10,401867810,43,225,,,2026-11-07T17:00:00.000Z,Ivy,false,,
2026,10,401867976,2450,2428,,,2026-11-07T17:00:00.000Z,MEAC,false,,
2026,10,401867922,2184,2523,,,2026-11-07T17:00:00.000Z,NEC,false,,
2026,10,401867839,163,159,,,2026-11-07T17:00:00.000Z,Ivy,false,,
2026,10,401858292,41,153,,,2026-11-07T17:00:00.000Z,FBS Independents,false,,
2026,10,401858290,154,2771,,,2026-11-07T17:00:00.000Z,ACC,false,,
2026,10,401868020,46,107,,,2026-11-07T17:30:00.000Z,Patriot,false,,
2026,10,401867904,284,2115,,,2026-11-07T18:00:00.000Z,NEC,false,,
2026,10,401867957,2169,2415,,,2026-11-07T18:00:00.000Z,MEAC,false,,
2026,10,401867996,2083,2230,,,2026-11-07T18:00:00.000Z,Patriot,false,,
2026,10,401868216,2086,2900,,,2026-11-07T18:00:00.000Z,Pioneer,false,,
2026,10,401868224,2166,56,,,2026-11-07T18:00:00.000Z,Pioneer,false,,
2026,10,401868259,2181,301,,,2026-11-07T18:00:00.000Z,Pioneer,false,,
2026,10,401868343,236,2382,,,2026-11-07T18:00:00.000Z,Southern,false,,
2026,10,401868350,2193,2535,,,2026-11-07T18:00:00.000Z,Southern,false,,
2026,10,401868399,2717,2747,,,2026-11-07T18:00:00.000Z,Southern,false,,
2026,10,401868038,222,257,,,2026-11-07T18:00:00.000Z,Patriot,false,,
2026,10,401868031,2729,322,,,2026-11-07T18:00:00.000Z,Patriot,false,,
2026,10,401867832,172,219,,,2026-11-07T18:00:00.000Z,Ivy,false,,
2026,10,401867824,108,171,,,2026-11-07T18:00:00.000Z,Ivy,false,,
2026,10,401866686,160,227,,,2026-11-07T18:00:00.000Z,Coastal Athletic,false,,
2026,10,401866684,2097,2619,,,2026-11-07T18:00:00.000Z,Coastal Athletic,false,,
2026,10,401866683,2803,399,,,2026-11-07T18:00:00.000Z,Coastal Athletic,false,,
2026,10,401868191,2241,2815,,,2026-11-07T18:30:00.000Z,OVC,false,,
2026,10,401868379,2643,231,,,2026-11-07T19:00:00.000Z,Southern,false,,
2026,10,401868252,2466,292,,,2026-11-07T19:00:00.000Z,Southland,false,,
2026,10,401868176,2127,2630,,,2026-11-07T19:00:00.000Z,OVC,false,,
2026,10,401867872,93,2754,,,2026-11-07T19:00:00.000Z,MVFC,false,,
2026,10,401872617,2460,2571,,,2026-11-07T19:00:00.000Z,MVFC,false,,
2026,10,401867852,155,2287,,,2026-11-07T19:00:00.000Z,MVFC,false,,
2026,10,401866685,2210,2261,,,2026-11-07T19:00:00.000Z,Coastal Athletic,false,,
2026,10,401868393,2635,2678,,,2026-11-07T19:30:00.000Z,Southern,false,,
2026,10,401868961,2296,2400,,,2026-11-07T20:00:00.000Z,SWAC,false,,
2026,10,401868363,2016,50,,,2026-11-07T20:00:00.000Z,SWAC,false,,
2026,10,401868302,2504,2010,,,2026-11-07T20:00:00.000Z,SWAC,false,,
2026,10,401868331,2640,2011,,,2026-11-07T20:00:00.000Z,SWAC,false,,
2026,10,401868945,2582,2065,,,2026-11-07T20:00:00.000Z,SWAC,false,,
2026,10,401868939,2755,2029,,,2026-11-07T20:00:00.000Z,SWAC,false,,
2026,10,401868184,2197,2710,,,2026-11-07T20:00:00.000Z,OVC,false,,
2026,10,401868153,253,2458,,,2026-11-07T20:00:00.000Z,Big Sky,false,,
2026,10,401868116,149,2502,,,2026-11-07T20:00:00.000Z,Big Sky,false,,
2026,10,401869936,2032,2433,,,2026-11-07T20:00:00.000Z,Sun Belt,false,,
2026,10,401871073,338,48,,,2026-11-07T20:00:00.000Z,Conference USA,false,,
2026,10,401862820,2426,218,,,2026-11-07T20:30:00.000Z,American Athletic,false,,
2026,10,401871076,2393,98,,,2026-11-07T20:30:00.000Z,Conference USA,false,,
2026,10,401868200,2634,2546,,,2026-11-07T20:30:00.000Z,OVC,false,,
2026,10,401868313,2320,2617,,,2026-11-07T21:00:00.000Z,Southland,false,,
2026,10,401869153,2447,2837,,,2026-11-07T21:00:00.000Z,Southland,false,,
2026,10,401871074,2229,2623,,,2026-11-07T21:00:00.000Z,Conference USA,false,,
2026,10,401868068,2046,2198,,,2026-11-07T22:00:00.000Z,UAC,false,,
2026,10,401868082,13,2464,,,2026-11-07T22:00:00.000Z,Big Sky,false,,
2026,10,401868090,70,331,,,2026-11-07T22:00:00.000Z,Big Sky,false,,
2026,10,401868137,2110,2698,,,2026-11-07T22:00:00.000Z,UAC,false,,
2026,10,401869140,2277,2377,,,2026-11-07T22:00:00.000Z,Southland,false,,
2026,10,401870795,166,2335,,,2026-11-07T22:00:00.000Z,Conference USA,false,,
2026,10,401860911,36,68,,,2026-11-07T23:00:00.000Z,Pac-12,false,,
2026,10,401867862,282,79,,,2026-11-07T23:00:00.000Z,MVFC,false,,
2026,10,401868108,304,147,,,2026-11-07T23:00:00.000Z,Big Sky,false,,
2026,10,401868152,2453,110242,,,2026-11-08T00:00:00.000Z,UAC,false,,
2026,10,401868166,302,3101,,,2026-11-08T00:00:00.000Z,Big Sky,false,,
2026,10,401868057,2627,2000,,,2026-11-08T00:00:00.000Z,UAC,false,,
2026,10,401868321,2545,2916,,,2026-11-08T00:00:00.000Z,Southland,false,,
2026,10,401871075,55,2534,,,2026-11-08T00:00:00.000Z,Conference USA,false,,
2026,10,401858291,87,2390,,,2026-11-08T00:30:00.000Z,FBS Independents,false,,
2026,10,401862823,349,2005,,,2026-11-08T00:30:00.000Z,American Athletic,false,,
2026,10,401860913,328,278,,,2026-11-08T02:30:00.000Z,Pac-12,false,,
2026,10,401860912,204,326,,,2026-11-08T03:30:00.000Z,Pac-12,false,,
2026,10,401864535,2439,2751,,,2026-11-08T03:30:00.000Z,Mountain West,false,,
2026,11,401866459,189,2309,,,2026-11-11T00:00:00.000Z,Mid-American,false,,
2026,11,401866460,193,195,,,2026-11-11T00:00:00.000Z,Mid-American,false,,
2026,11,401866458,2006,2711,,,2026-11-11T00:00:00.000Z,Mid-American,false,,
2026,11,401866462,2117,16,,,2026-11-11T05:00:00.000Z,Mid-American,false,,
2026,11,401866461,2050,2084,,,2026-11-11T05:00:00.000Z,Mid-American,false,,
2026,11,401866463,2649,113,,,2026-11-11T05:00:00.000Z,Mid-American,false,,
2026,11,401862824,58,235,,,2026-11-13T01:00:00.000Z,American Athletic,false,,
2026,11,401869969,2433,309,,,2026-11-13T02:00:00.000Z,Sun Belt,false,,
2026,11,401858293,221,52,,,2026-11-14T00:00:00.000Z,ACC,false,,
2026,11,401858526,26,356,,,2026-11-14T02:00:00.000Z,Big Ten,false,,
2026,11,401868157,2502,253,,,2026-11-14T03:00:00.000Z,Big Sky,false,,
2026,11,401856860,38,248,,,2026-11-14T03:15:00.000Z,Big 12,false,,
2026,11,401871100,6,2653,,,2026-11-14T05:00:00.000Z,Sun Belt,false,,
2026,11,401871099,2348,2572,,,2026-11-14T05:00:00.000Z,Sun Belt,false,,
2026,11,401858297,228,59,,,2026-11-14T05:00:00.000Z,ACC,false,,
2026,11,401858296,2390,150,,,2026-11-14T05:00:00.000Z,ACC,false,,
2026,11,401869952,2247,290,,,2026-11-14T05:00:00.000Z,Sun Belt,false,,
2026,11,401869937,324,2032,,,2026-11-14T05:00:00.000Z,Sun Belt,false,,
2026,11,401869928,276,2026,,,2026-11-14T05:00:00.000Z,Sun Belt,false,,
2026,11,401864540,2638,2751,,,2026-11-14T05:00:00.000Z,Mountain West,false,,
2026,11,401864536,2459,2440,,,2026-11-14T05:00:00.000Z,Mountain West,false,,
2026,11,401856862,2628,2306,,,2026-11-14T05:00:00.000Z,Big 12,false,,
2026,11,401858298,153,97,,,2026-11-14T05:00:00.000Z,ACC,false,,
2026,11,401858299,259,24,,,2026-11-14T05:00:00.000Z,ACC,false,,
2026,11,401858300,152,183,,,2026-11-14T05:00:00.000Z,ACC,false,,
2026,11,401856857,2116,9,,,2026-11-14T05:00:00.000Z,Big 12,false,,
2026,11,401862827,2636,249,,,2026-11-14T05:00:00.000Z,American Athletic,false,,
2026,11,401856859,66,2132,,,2026-11-14T05:00:00.000Z,Big 12,false,,
2026,11,401856858,252,239,,,2026-11-14T05:00:00.000Z,Big 12,false,,
2026,11,401856861,277,2305,,,2026-11-14T05:00:00.000Z,Big 12,false,,
2026,11,401856863,197,2641,,,2026-11-14T05:00:00.000Z,Big 12,false,,
2026,11,401856864,12,254,,,2026-11-14T05:00:00.000Z,Big 12,false,,
2026,11,401856882,8,2579,,,2026-11-14T05:00:00.000Z,SEC,false,,
2026,11,401856883,61,142,,,2026-11-14T05:00:00.000Z,SEC,false,,
2026,11,401856884,96,57,,,2026-11-14T05:00:00.000Z,SEC,false,,
2026,11,401856885,99,251,,,2026-11-14T05:00:00.000Z,SEC,false,,
2026,11,401856886,344,2,,,2026-11-14T05:00:00.000Z,SEC,false,,
2026,11,401862829,218,5,,,2026-11-14T05:00:00.000Z,American Athletic,false,,
2026,11,401862828,242,2655,,,2026-11-14T05:00:00.000Z,American Athletic,false,,
2026,11,401862826,202,2226,,,2026-11-14T05:00:00.000Z,American Athletic,false,,
2026,11,401862825,2429,151,,,2026-11-14T05:00:00.000Z,American Athletic,false,,
2026,11,401856887,201,145,,,2026-11-14T05:00:00.000Z,SEC,false,,
2026,11,401856888,245,2633,,,2026-11-14T05:00:00.000Z,SEC,false,,
2026,11,401856889,238,333,,,2026-11-14T05:00:00.000Z,SEC,false,,
2026,11,401858525,164,158,,,2026-11-14T05:00:00.000Z,Big Ten,false,,
2026,11,401858524,213,135,,,2026-11-14T05:00:00.000Z,Big Ten,false,,
2026,11,401858295,258,25,,,2026-11-14T05:00:00.000Z,ACC,false,,
2026,11,401858301,2567,154,,,2026-11-14T05:00:00.000Z,ACC,false,,
2026,11,401858518,84,30,,,2026-11-14T05:00:00.000Z,Big Ten,false,,
2026,11,401858519,2294,2509,,,2026-11-14T05:00:00.000Z,Big Ten,false,,
2026,11,401858523,2483,130,,,2026-11-14T05:00:00.000Z,Big Ten,false,,
2026,11,401858520,120,275,,,2026-11-14T05:00:00.000Z,Big Ten,false,,
2026,11,401858521,127,264,,,2026-11-14T05:00:00.000Z,Big Ten,false,,
2026,11,401858522,194,77,,,2026-11-14T05:00:00.000Z,Big Ten,false,,
2026,11,401867905,2341,2115,,,2026-11-14T05:00:00.000Z,NEC,false,,
2026,11,401861967,41,256,,,2026-11-14T17:00:00.000Z,FBS Independents,false,,
2026,11,401867934,2681,2441,,,2026-11-14T17:00:00.000Z,NEC,false,,
2026,11,401867970,2415,2450,,,2026-11-14T17:00:00.000Z,MEAC,false,,
2026,11,401868217,2368,2086,,,2026-11-14T17:00:00.000Z,Pioneer,false,,
2026,11,401868272,2413,2506,,,2026-11-14T17:00:00.000Z,Pioneer,false,,
2026,11,401868395,2678,2643,,,2026-11-14T17:00:00.000Z,Southern,false,,
2026,11,401870842,43,163,,,2026-11-14T17:00:00.000Z,Ivy,false,,
2026,11,401866687,399,311,,,2026-11-14T17:00:00.000Z,Coastal Athletic,false,,
2026,11,401866688,2529,2803,,,2026-11-14T17:00:00.000Z,Coastal Athletic,false,,
2026,11,401866689,227,119,,,2026-11-14T17:00:00.000Z,Coastal Athletic,false,,
2026,11,401866693,2405,2771,,,2026-11-14T17:00:00.000Z,Coastal Athletic,false,,
2026,11,401867811,225,171,,,2026-11-14T17:00:00.000Z,Ivy,false,,
2026,11,401867853,2754,2287,,,2026-11-14T17:00:00.000Z,MVFC,false,,
2026,11,401867923,2523,284,,,2026-11-14T17:00:00.000Z,NEC,false,,
2026,11,401868014,2230,46,,,2026-11-14T17:00:00.000Z,Patriot,false,,
2026,11,401868027,107,222,,,2026-11-14T17:00:00.000Z,Patriot,false,,
2026,11,401868225,2168,2166,,,2026-11-14T17:00:00.000Z,Pioneer,false,,
2026,11,401869155,2184,2385,,,2026-11-14T17:00:00.000Z,NEC,false,,
2026,11,401868946,2065,2755,,,2026-11-14T18:00:00.000Z,SWAC,false,,
2026,11,401866690,2261,2448,,,2026-11-14T18:00:00.000Z,Coastal Athletic,false,,
2026,11,401867843,219,108,,,2026-11-14T18:00:00.000Z,Ivy,false,,
2026,11,401868344,231,236,,,2026-11-14T18:00:00.000Z,Southern,false,,
2026,11,401868286,56,2674,,,2026-11-14T18:00:00.000Z,Pioneer,false,,
2026,11,401868006,2142,322,,,2026-11-14T18:00:00.000Z,Patriot,false,,
2026,11,401867997,2729,2083,,,2026-11-14T18:00:00.000Z,Patriot,false,,
2026,11,401867863,282,93,,,2026-11-14T18:00:00.000Z,MVFC,false,,
2026,11,401867833,172,159,,,2026-11-14T18:00:00.000Z,Ivy,false,,
2026,11,401866691,160,2619,,,2026-11-14T18:00:00.000Z,Coastal Athletic,false,,
2026,11,401867958,47,2169,,,2026-11-14T18:00:00.000Z,MEAC,false,,
2026,11,401867981,2569,2428,,,2026-11-14T18:30:00.000Z,MEAC,false,,
2026,11,401868351,2747,2193,,,2026-11-14T18:30:00.000Z,Southern,false,,
2026,11,401866692,2210,2097,,,2026-11-14T19:00:00.000Z,Coastal Athletic,false,,
2026,11,401868260,2900,2181,,,2026-11-14T19:00:00.000Z,Pioneer,false,,
2026,11,401867893,79,2571,,,2026-11-14T19:00:00.000Z,MVFC,false,,
2026,11,401867888,233,2460,,,2026-11-14T19:00:00.000Z,MVFC,false,,
2026,11,401869135,2466,2277,,,2026-11-14T19:00:00.000Z,Southland,false,,
2026,11,401870769,2534,338,,,2026-11-14T19:00:00.000Z,Conference USA,false,,
2026,11,401868233,2698,2453,,,2026-11-14T19:00:00.000Z,UAC,false,,
2026,11,401868192,2710,2241,,,2026-11-14T19:00:00.000Z,OVC,false,,
2026,11,401868177,2127,2546,,,2026-11-14T19:00:00.000Z,OVC,false,,
2026,11,401868138,2198,2110,,,2026-11-14T19:00:00.000Z,UAC,false,,
2026,11,401868122,2458,147,,,2026-11-14T19:00:00.000Z,Big Sky,false,,
2026,11,401868058,2046,2000,,,2026-11-14T19:00:00.000Z,UAC,false,,
2026,11,401868036,257,2329,,,2026-11-14T19:00:00.000Z,Patriot,false,,
2026,11,401868385,2635,2382,,,2026-11-14T19:30:00.000Z,Southern,false,,
2026,11,401868332,2011,2296,,,2026-11-14T20:00:00.000Z,SWAC,false,,
2026,11,401870796,2623,166,,,2026-11-14T20:00:00.000Z,Conference USA,false,,
2026,11,401871060,48,2229,,,2026-11-14T20:00:00.000Z,Conference USA,false,,
2026,11,401869148,2916,2447,,,2026-11-14T20:00:00.000Z,Southland,false,,
2026,11,401868951,50,2400,,,2026-11-14T20:00:00.000Z,SWAC,false,,
2026,11,401868940,2029,2504,,,2026-11-14T20:00:00.000Z,SWAC,false,,
2026,11,401868364,2582,2016,,,2026-11-14T20:00:00.000Z,SWAC,false,,
2026,11,401868303,2010,2640,,,2026-11-14T20:00:00.000Z,SWAC,false,,
2026,11,401868239,110242,2627,,,2026-11-14T20:00:00.000Z,UAC,false,,
2026,11,401868202,2630,2815,,,2026-11-14T20:00:00.000Z,OVC,false,,
2026,11,401868389,2535,2717,,,2026-11-14T20:30:00.000Z,Southern,false,,
2026,11,401870752,98,55,,,2026-11-14T20:30:00.000Z,Conference USA,false,,
2026,11,401868185,2634,2197,,,2026-11-14T20:30:00.000Z,OVC,false,,
2026,11,401858294,87,103,,,2026-11-14T20:30:00.000Z,FBS Independents,false,,
2026,11,401871061,2335,2393,,,2026-11-14T20:30:00.000Z,Conference USA,false,,
2026,11,401860916,326,278,,,2026-11-14T21:00:00.000Z,Pac-12,false,,
2026,11,401869146,2320,2837,,,2026-11-14T21:00:00.000Z,Southland,false,,
2026,11,401868127,2464,2692,,,2026-11-14T21:00:00.000Z,Big Sky,false,,
2026,11,401868099,70,302,,,2026-11-14T21:00:00.000Z,Big Sky,false,,
2026,11,401868091,3101,331,,,2026-11-14T21:00:00.000Z,Big Sky,false,,
2026,11,401868293,292,2617,,,2026-11-14T23:00:00.000Z,Southland,false,,
2026,11,401860914,68,204,,,2026-11-14T23:00:00.000Z,Pac-12,false,,
2026,11,401864538,2005,23,,,2026-11-15T00:00:00.000Z,Mountain West,false,,
2026,11,401868322,2545,2377,,,2026-11-15T00:00:00.000Z,Southland,false,,
2026,11,401864539,167,2439,,,2026-11-15T00:30:00.000Z,Mountain West,false,,
2026,11,401860915,21,328,,,2026-11-15T02:30:00.000Z,Pac-12,false,,
2026,11,401860917,265,36,,,2026-11-15T03:30:00.000Z,Pac-12,false,,
2026,11,401868109,149,304,,,2026-11-15T03:30:00.000Z,Big Sky,false,,
2026,11,401864537,62,2449,,,2026-11-15T04:59:00.000Z,Mountain West,false,,
2026,12,401866466,2309,193,,,2026-11-18T00:00:00.000Z,Mid-American,false,,
2026,12,401866465,2711,2199,,,2026-11-18T00:00:00.000Z,Mid-American,false,,
2026,12,401866464,195,2050,,,2026-11-18T00:00:00.000Z,Mid-American,false,,
2026,12,401866467,113,2006,,,2026-11-18T05:00:00.000Z,Mid-American,false,,
2026,12,401866469,2084,2117,,,2026-11-18T05:00:00.000Z,Mid-American,false,,
2026,12,401868323,2447,2545,,,2026-11-20T00:00:00.000Z,Southland,false,,
2026,12,401868314,2617,2466,,,2026-11-20T00:00:00.000Z,Southland,false,,
2026,12,401862830,218,242,,,2026-11-20T00:30:00.000Z,American Athletic,false,,
2026,12,401856869,2116,66,,,2026-11-20T23:00:00.000Z,Big 12,false,,
2026,12,401866468,2649,189,,,2026-11-21T00:30:00.000Z,Mid-American,false,,
2026,12,401858303,150,228,,,2026-11-21T00:30:00.000Z,ACC,false,,
2026,12,401864545,2005,2638,,,2026-11-21T01:00:00.000Z,Mountain West,false,,
2026,12,401858529,127,2483,,,2026-11-21T01:00:00.000Z,Big Ten,false,,
2026,12,401869929,2026,2433,,,2026-11-21T05:00:00.000Z,Sun Belt,false,,
2026,12,401856752,201,245,,,2026-11-21T05:00:00.000Z,SEC,false,,
2026,12,401856753,2579,61,,,2026-11-21T05:00:00.000Z,SEC,false,,
2026,12,401856754,2633,99,,,2026-11-21T05:00:00.000Z,SEC,false,,
2026,12,401856755,251,8,,,2026-11-21T05:00:00.000Z,SEC,false,,
2026,12,401871101,2572,6,,,2026-11-21T05:00:00.000Z,Sun Belt,false,,
2026,12,401869958,276,2247,,,2026-11-21T05:00:00.000Z,Sun Belt,false,,
2026,12,401869953,2653,290,,,2026-11-21T05:00:00.000Z,Sun Belt,false,,
2026,12,401869946,309,324,,,2026-11-21T05:00:00.000Z,Sun Belt,false,,
2026,12,401862835,2655,249,,,2026-11-21T05:00:00.000Z,American Athletic,false,,
2026,12,401869938,2348,2032,,,2026-11-21T05:00:00.000Z,Sun Belt,false,,
2026,12,401856865,2306,12,,,2026-11-21T05:00:00.000Z,Big 12,false,,
2026,12,401856866,2305,252,,,2026-11-21T05:00:00.000Z,Big 12,false,,
2026,12,401856867,2132,38,,,2026-11-21T05:00:00.000Z,Big 12,false,,
2026,12,401856868,277,248,,,2026-11-21T05:00:00.000Z,Big 12,false,,
2026,12,401856870,9,197,,,2026-11-21T05:00:00.000Z,Big 12,false,,
2026,12,401856871,239,2641,,,2026-11-21T05:00:00.000Z,Big 12,false,,
2026,12,401864541,2440,62,,,2026-11-21T05:00:00.000Z,Mountain West,false,,
2026,12,401858534,30,120,,,2026-11-21T05:00:00.000Z,Big Ten,false,,
2026,12,401858306,97,221,,,2026-11-21T05:00:00.000Z,ACC,false,,
2026,12,401856872,2628,254,,,2026-11-21T05:00:00.000Z,Big 12,false,,
2026,12,401858305,258,153,,,2026-11-21T05:00:00.000Z,ACC,false,,
2026,12,401858304,52,152,,,2026-11-21T05:00:00.000Z,ACC,false,,
2026,12,401858308,25,24,,,2026-11-21T05:00:00.000Z,ACC,false,,
2026,12,401858309,103,183,,,2026-11-21T05:00:00.000Z,ACC,false,,
2026,12,401858310,59,154,,,2026-11-21T05:00:00.000Z,ACC,false,,
2026,12,401858527,356,2294,,,2026-11-21T05:00:00.000Z,Big Ten,false,,
2026,12,401858528,130,26,,,2026-11-21T05:00:00.000Z,Big Ten,false,,
2026,12,401858530,135,77,,,2026-11-21T05:00:00.000Z,Big Ten,false,,
2026,12,401858531,158,194,,,2026-11-21T05:00:00.000Z,Big Ten,false,,
2026,12,401858532,213,164,,,2026-11-21T05:00:00.000Z,Big Ten,false,,
2026,12,401858533,2509,275,,,2026-11-21T05:00:00.000Z,Big Ten,false,,
2026,12,401858535,264,84,,,2026-11-21T05:00:00.000Z,Big Ten,false,,
2026,12,401862832,202,2429,,,2026-11-21T05:00:00.000Z,American Athletic,false,,
2026,12,401862833,2226,58,,,2026-11-21T05:00:00.000Z,American Athletic,false,,
2026,12,401862836,5,2636,,,2026-11-21T05:00:00.000Z,American Athletic,false,,
2026,12,401858302,2390,259,,,2026-11-21T05:00:00.000Z,ACC,false,,
2026,12,401856748,57,238,,,2026-11-21T05:00:00.000Z,SEC,false,,
2026,12,401856751,142,96,,,2026-11-21T05:00:00.000Z,SEC,false,,
2026,12,401872643,2385,2441,,,2026-11-21T17:00:00.000Z,NEC,false,,
2026,12,401856749,145,2747,,,2026-11-21T17:00:00.000Z,SEC,false,,
2026,12,401867915,2523,2341,,,2026-11-21T17:00:00.000Z,NEC,false,,
2026,12,401866694,2448,399,,,2026-11-21T17:00:00.000Z,Coastal Athletic,false,,
2026,12,401867906,2115,2184,,,2026-11-21T17:00:00.000Z,NEC,false,,
2026,12,401862834,2426,235,,,2026-11-21T17:00:00.000Z,American Athletic,false,,
2026,12,401867825,171,172,,,2026-11-21T17:00:00.000Z,Ivy,false,,
2026,12,401867965,2450,47,,,2026-11-21T17:00:00.000Z,MEAC,false,,
2026,12,401866695,2619,2261,,,2026-11-21T17:00:00.000Z,Coastal Athletic,false,,
2026,12,401872619,163,219,,,2026-11-21T17:00:00.000Z,Ivy,false,,
2026,12,401867927,284,2681,,,2026-11-21T17:00:00.000Z,NEC,false,,
2026,12,401868039,257,2729,,,2026-11-21T17:00:00.000Z,Patriot,false,,
2026,12,401866700,2771,2529,,,2026-11-21T17:00:00.000Z,FCS Independents,false,,
2026,12,401868015,107,2230,,,2026-11-21T17:00:00.000Z,Patriot,false,,
2026,12,401862831,349,151,,,2026-11-21T17:00:00.000Z,American Athletic,false,,
2026,12,401868380,2678,231,,,2026-11-21T17:00:00.000Z,Southern,false,,
2026,12,401868032,322,2329,,,2026-11-21T17:30:00.000Z,Patriot,false,,
2026,12,401867854,2287,233,,,2026-11-21T18:00:00.000Z,MVFC,false,,
2026,12,401868396,2717,2643,,,2026-11-21T18:00:00.000Z,Southern,false,,
2026,12,401868253,2506,2168,,,2026-11-21T18:00:00.000Z,Pioneer,false,,
2026,12,401868226,2166,2368,,,2026-11-21T18:00:00.000Z,Pioneer,false,,
2026,12,401868218,2086,2413,,,2026-11-21T18:00:00.000Z,Pioneer,false,,
2026,12,401868178,2197,2127,,,2026-11-21T18:00:00.000Z,OVC,false,,
2026,12,401868021,222,46,,,2026-11-21T18:00:00.000Z,Patriot,false,,
2026,12,401867998,2083,2142,,,2026-11-21T18:00:00.000Z,Patriot,false,,
2026,12,401866699,311,160,,,2026-11-21T18:00:00.000Z,Coastal Athletic,false,,
2026,12,401866698,119,2210,,,2026-11-21T18:00:00.000Z,Coastal Athletic,false,,
2026,12,401866697,2097,2405,,,2026-11-21T18:00:00.000Z,Coastal Athletic,false,,
2026,12,401866696,2803,227,,,2026-11-21T18:00:00.000Z,Coastal Athletic,false,,
2026,12,401867812,159,225,,,2026-11-21T18:00:00.000Z,Ivy,false,,
2026,12,401856750,344,2635,,,2026-11-21T18:00:00.000Z,SEC,false,,
2026,12,401871080,2335,98,,,2026-11-21T18:00:00.000Z,Conference USA,false,,
2026,12,401867959,2569,2169,,,2026-11-21T18:30:00.000Z,MEAC,false,,
2026,12,401868193,2241,2634,,,2026-11-21T18:30:00.000Z,OVC,false,,
2026,12,401868283,2674,2900,,,2026-11-21T19:00:00.000Z,Pioneer,false,,
2026,12,401867873,93,2460,,,2026-11-21T19:00:00.000Z,MVFC,false,,
2026,12,401867881,155,79,,,2026-11-21T19:00:00.000Z,MVFC,false,,
2026,12,401867971,2428,2415,,,2026-11-21T19:00:00.000Z,MEAC,false,,
2026,12,401868059,2000,2198,,,2026-11-21T19:00:00.000Z,UAC,false,,
2026,12,401868117,147,149,,,2026-11-21T19:00:00.000Z,Big Sky,false,,
2026,12,401868244,2698,110242,,,2026-11-21T19:00:00.000Z,UAC,false,,
2026,12,401868203,2546,2630,,,2026-11-21T19:00:00.000Z,OVC,false,,
2026,12,401891330,253,2130,,,2026-11-21T19:00:00.000Z,Big Sky,false,,
2026,12,401871081,2534,2393,,,2026-11-21T19:00:00.000Z,Conference USA,false,,
2026,12,401871079,55,2623,,,2026-11-21T19:00:00.000Z,Conference USA,false,,
2026,12,401856746,333,236,,,2026-11-21T19:00:00.000Z,SEC,false,,
2026,12,401871077,166,48,,,2026-11-21T20:00:00.000Z,Conference USA,false,,
2026,12,401867864,2571,282,,,2026-11-21T20:00:00.000Z,MVFC,false,,
2026,12,401868167,2692,3101,,,2026-11-21T20:00:00.000Z,Big Sky,false,,
2026,12,401871078,338,2229,,,2026-11-21T20:00:00.000Z,Conference USA,false,,
2026,12,401868353,2011,2504,,,2026-11-21T20:00:00.000Z,SWAC,false,,
2026,12,401868365,2016,2296,,,2026-11-21T20:00:00.000Z,SWAC,false,,
2026,12,401868208,2815,2710,,,2026-11-21T20:00:00.000Z,OVC,false,,
2026,12,401868304,2400,2010,,,2026-11-21T20:00:00.000Z,SWAC,false,,
2026,12,401868352,2382,2193,,,2026-11-21T20:00:00.000Z,Southern,false,,
2026,12,401867844,108,43,,,2026-11-21T20:30:00.000Z,Ivy,false,,
2026,12,401856747,2,2535,,,2026-11-21T20:30:00.000Z,SEC,false,,
2026,12,401868947,2065,50,,,2026-11-21T20:30:00.000Z,SWAC,false,,
2026,12,401861968,41,295,,,2026-11-21T20:30:00.000Z,FBS Independents,false,,
2026,12,401864543,2449,2459,,,2026-11-21T21:00:00.000Z,Mountain West,false,,
2026,12,401868092,331,2502,,,2026-11-21T21:00:00.000Z,Big Sky,false,,
2026,12,401868083,302,13,,,2026-11-21T21:00:00.000Z,Big Sky,false,,
2026,12,401869149,2837,2916,,,2026-11-21T21:00:00.000Z,Southland,false,,
2026,12,401868234,2453,2627,,,2026-11-21T21:00:00.000Z,UAC,false,,
2026,12,401868128,2464,2458,,,2026-11-21T21:00:00.000Z,Big Sky,false,,
2026,12,401868941,2640,2029,,,2026-11-21T21:00:00.000Z,SWAC,false,,
2026,12,401868069,2110,2046,,,2026-11-21T22:00:00.000Z,UAC,false,,
2026,12,401868294,2277,292,,,2026-11-21T22:00:00.000Z,Southland,false,,
2026,12,401860920,326,265,,,2026-11-21T23:00:00.000Z,Pac-12,false,,
2026,12,401868100,304,70,,,2026-11-21T23:00:00.000Z,Big Sky,false,,
2026,12,401864544,23,2439,,,2026-11-22T00:00:00.000Z,Mountain West,false,,
2026,12,401869141,2377,2320,,,2026-11-22T00:00:00.000Z,Southland,false,,
2026,12,401858307,87,2567,,,2026-11-22T00:30:00.000Z,FBS Independents,false,,
2026,12,401860918,278,36,,,2026-11-22T00:30:00.000Z,Pac-12,false,,
2026,12,401868287,301,56,,,2026-11-22T01:00:00.000Z,Pioneer,false,,
2026,12,401864542,2751,167,,,2026-11-22T02:00:00.000Z,Mountain West,false,,
2026,12,401860925,68,21,,,2026-11-22T02:30:00.000Z,Pac-12,false,,
2026,12,401860919,204,328,,,2026-11-22T03:30:00.000Z,Pac-12,false,,
2026,13,401866471,2711,193,,,2026-11-24T05:00:00.000Z,Mid-American,false,,
2026,13,401866470,2199,2309,,,2026-11-25T00:00:00.000Z,Mid-American,false,,
2026,13,401856879,2641,2628,,,2026-11-27T01:00:00.000Z,Big 12,false,,
2026,13,401862837,151,2226,,,2026-11-27T05:00:00.000Z,American Athletic,false,,
2026,13,401862838,235,218,,,2026-11-27T05:00:00.000Z,American Athletic,false,,
2026,13,401862839,58,2655,,,2026-11-27T05:00:00.000Z,American Athletic,false,,
2026,13,401866473,195,2649,,,2026-11-27T17:00:00.000Z,Mid-American,false,,
2026,13,401866472,2006,2084,,,2026-11-27T17:00:00.000Z,Mid-American,false,,
2026,13,401856762,145,344,,,2026-11-27T17:00:00.000Z,SEC,false,,
2026,13,401858536,2294,158,,,2026-11-27T17:00:00.000Z,Big Ten,false,,
2026,13,401869930,6,2026,,,2026-11-27T20:00:00.000Z,Sun Belt,false,,
2026,13,401856759,52,57,,,2026-11-27T20:30:00.000Z,ACC,false,,
2026,13,401864549,23,2449,,,2026-11-27T20:30:00.000Z,Mountain West,false,,
2026,13,401856756,245,251,,,2026-11-28T00:30:00.000Z,SEC,false,,
2026,13,401858544,275,135,,,2026-11-28T00:30:00.000Z,Big Ten,false,,
2026,13,401856880,254,277,,,2026-11-28T02:00:00.000Z,Big 12,false,,
2026,13,401858539,120,213,,,2026-11-28T05:00:00.000Z,Big Ten,false,,
2026,13,401858541,2483,264,,,2026-11-28T05:00:00.000Z,Big Ten,false,,
2026,13,401858542,164,127,,,2026-11-28T05:00:00.000Z,Big Ten,false,,
2026,13,401858543,26,30,,,2026-11-28T05:00:00.000Z,Big Ten,false,,
2026,13,401861969,2751,41,,,2026-11-28T05:00:00.000Z,Mountain West,false,,
2026,13,401862841,242,349,,,2026-11-28T05:00:00.000Z,American Athletic,false,,
2026,13,401862840,2636,202,,,2026-11-28T05:00:00.000Z,American Athletic,false,,
2026,13,401858313,153,152,,,2026-11-28T05:00:00.000Z,ACC,false,,
2026,13,401862842,2429,2426,,,2026-11-28T05:00:00.000Z,American Athletic,false,,
2026,13,401862843,249,5,,,2026-11-28T05:00:00.000Z,American Athletic,false,,
2026,13,401856876,252,2132,,,2026-11-28T05:00:00.000Z,Big 12,false,,
2026,13,401856873,12,9,,,2026-11-28T05:00:00.000Z,Big 12,false,,
2026,13,401856765,238,2633,,,2026-11-28T05:00:00.000Z,SEC,false,,
2026,13,401856764,228,2579,,,2026-11-28T05:00:00.000Z,ACC,false,,
2026,13,401856763,142,201,,,2026-11-28T05:00:00.000Z,SEC,false,,
2026,13,401856761,96,97,,,2026-11-28T05:00:00.000Z,SEC,false,,
2026,13,401856760,61,59,,,2026-11-28T05:00:00.000Z,SEC,false,,
2026,13,401856758,8,99,,,2026-11-28T05:00:00.000Z,SEC,false,,
2026,13,401856757,333,2,,,2026-11-28T05:00:00.000Z,SEC,false,,
2026,13,401856875,38,2116,,,2026-11-28T05:00:00.000Z,Big 12,false,,
2026,13,401856874,248,239,,,2026-11-28T05:00:00.000Z,Big 12,false,,
2026,13,401856877,197,2305,,,2026-11-28T05:00:00.000Z,Big 12,false,,
2026,13,401856878,66,2306,,,2026-11-28T05:00:00.000Z,Big 12,false,,
2026,13,401858311,2390,103,,,2026-11-28T05:00:00.000Z,ACC,false,,
2026,13,401858312,154,150,,,2026-11-28T05:00:00.000Z,ACC,false,,
2026,13,401858314,183,87,,,2026-11-28T05:00:00.000Z,ACC,false,,
2026,13,401858315,25,221,,,2026-11-28T05:00:00.000Z,ACC,false,,
2026,13,401858317,259,258,,,2026-11-28T05:00:00.000Z,ACC,false,,
2026,13,401858316,24,2567,,,2026-11-28T05:00:00.000Z,ACC,false,,
2026,13,401858538,84,2509,,,2026-11-28T05:00:00.000Z,Big Ten,false,,
2026,13,401864550,2459,2638,,,2026-11-28T05:00:00.000Z,Mountain West,false,,
2026,13,401869947,256,324,,,2026-11-28T05:00:00.000Z,Sun Belt,false,,
2026,13,401869954,290,2348,,,2026-11-28T05:00:00.000Z,Sun Belt,false,,
2026,13,401869959,2247,309,,,2026-11-28T05:00:00.000Z,Sun Belt,false,,
2026,13,401871102,2433,276,,,2026-11-28T05:00:00.000Z,Sun Belt,false,,
2026,13,401858537,77,356,,,2026-11-28T05:00:00.000Z,Big Ten,false,,
2026,13,401871103,295,2572,,,2026-11-28T05:00:00.000Z,Sun Belt,false,,
2026,13,401866475,189,113,,,2026-11-28T17:00:00.000Z,Mid-American,false,,
2026,13,401866474,2050,2117,,,2026-11-28T17:00:00.000Z,Mid-American,false,,
2026,13,401858540,194,130,,,2026-11-28T17:00:00.000Z,Big Ten,false,,
2026,13,401870804,98,338,,,2026-11-28T18:00:00.000Z,Conference USA,false,,
2026,13,401871083,2393,166,,,2026-11-28T19:00:00.000Z,Conference USA,false,,
2026,13,401868957,2582,2755,,,2026-11-28T19:00:00.000Z,SWAC,false,,
2026,13,401871063,2623,2335,,,2026-11-28T19:00:00.000Z,Conference USA,false,,
2026,13,401871082,2229,2534,,,2026-11-28T19:00:00.000Z,Conference USA,false,,
2026,13,401869939,2032,2653,,,2026-11-28T20:00:00.000Z,Sun Belt,false,,
2026,13,401871062,48,55,,,2026-11-28T20:30:00.000Z,Conference USA,false,,
2026,13,401864546,167,2005,,,2026-11-28T21:30:00.000Z,Mountain West,false,,
2026,13,401864548,2439,2440,,,2026-11-29T02:00:00.000Z,Mountain West,false,,
2026,13,401864547,62,16,,,2026-11-29T04:00:00.000Z,Mountain West,false,,
2026,15,401862844,349,2426,,,2026-12-12T20:00:00.000Z,American Athletic,false,,